x,text,artist,song,year,album
1,,बिपुल छेत्री,गहिरो गहिरो,2018,गहिरो गहिरो
2,,बिपुल छेत्री,बसन्त,2017,बसन्त
3,"सिरिरि हावा बग्यो सुस्तरी
एकान्त दुनियामा मलाई फेरि उडाई लग्यो
उडी रहेको भुवा जस्तै


अनन्त आकाशमा बगाइ लग्यो
जाँदै छु, कता तिर
बगेछु आकाश निर
आउने दिनहरु कसलाई के था
म त अहिलेकोलागि नै बाँचिरहे छु
सपनीलाई खोज्दा खोज्दै
आफुलाई नै भुलेछु
जाँदै छु, कता तिर
बगेछु आकाश निर
जाँदै छु, कता तिर
आहो.आहै.
बगेछु आकाश निर
आहाहा आहाहा.हा.है
आहाहा आहाहा.हा.है
सिरिरिरि
जिरिरि
सिरिरिरि
जिरिरि
जिरिरिरिरिरि
सिरिरि हावा बग्यो सुस्तरी
अनन्त आकाशमा बगाइ लग्यो",बिपुल छेत्री,सिरिरि,2016,माया
4,"हेय
गाऊढली चरी
गाऊढली चरी मेरो


मन कि पारी आज
कता भगेछ

हम्म्म
वोरी पारी को हरयाली हेरा आज कता माझेस

हेय
सलल बगी रहने
कलल खेली रहने यो तीस्त खोला
हम्म्म
बगेको नै देखिन दाहिना आयू
कस्तो यो बेला

अल्लारे यो जोवन
कसलाई दिन्ने यो मन
अल्लारे यो जोवन
कसलाई दिन्ने यो मन हे

हे हेय
पौनु तह यहा धेरै
लौनु तह यहा धेरै
माया न पौने
दुई दिन को यो जिन्दगी म नै कति पिरौने

हे हेय
लिन्ने तह यहा धेरै
दिन्ने तह यहा थोरै
कसरी पुग्ने
लागेर जानु कहिनै छैन साथी कति थुपार्ने

अल्लारे यो जोवन
कसलाई दिन्ने यो मन
अल्लारे यो जोवन
कसलाई दिन्ने यो मन हे

सीतल सीतल हावा बग्यो मनै रहर
औने दिन्न हरु कस्तो होला थाहै छैन
मनमा कस्ता कस्ता कुरा हरु खेली रहन्छ
अस्तित्व खोजी रहे आजा सम पाई छैन

हे हेय
मन को कुरा हरु मन मै रयो
कसैलाई मो के भनुँ
साँझेको माया पाएको छैन
कसैलाई मो के सोडउम

हे हेय
चारै तिर चललल कंगचेन्जुंगा हिमालले
ढकयो संसार
पहरामा पनि शान्ति नै छैन
चरी जौ हैनकि मो त तल

अल्लारे यो जोवन
कसलाई दिन्ने यो मन
अल्लारे यो जोवन
कसलाई दिन्ने यो मन

अल्लारे यो जोवन
कसलाई दिन्ने यो मन
अल्लारे यो जोवन
कसलाई दिन्ने यो मन

अल्लारे यो जोवन
कसलाई दिन्ने यो मन
अल्लारे यो जोवन
कसलाई दिन्ने यो मन",बिपुल छेत्री,अल्लारे यो जोवन,2016,माया
5,"खोला बग्यो सलल, फर्की नआउने यो पल आ.है... यो पल
पाउने त यहाँ कति कति, नपाउने यहाँ पिरती आ.है... पिरती
ऋतुहरु यहाँ बदलिएछ, समय पनि बदलिएछ


ऋतुहरु यहाँ बदलिएछ, तर मन मेरो कहिले न बदलिनु

छातीको पिरलाई छोडिदेउ, मनको ढोकालाई खोलिदेउ आ.है... खोलिदेउ
खुशीले नाचौ है हामी सारा, जन्मका यो यहाँ जुन तारो आ.है... जुन तारो
युगहरु यहाँ ढलेछ, दिन पनि ढलेछ
यौवन यहाँ ढलेछ, तर मन मेरो कहिले नै ढल्दैन

आजसम्म आउदछ तिम्रैनै यादहरु, यौवनको बगेछ आज रगतहरु
आजसम्म लाग्छ जिन्दगीमा केहि अधुरो, हेर्दा हेर्दै बितिसकेछ जीवन मेरो
हो... जीवन मेरो

जिउने छु म त मन खोलेर, मरेपछि लानु के छ बोकेर आ.है... बोकेर
युगहरु यहाँ ढलेछ, दिन पनि ढलेछ
यहाँ यौवन मेरो ढलेछ, तर मन मेरो कहिले नै ढल्दैन
मन मेरो कहिले नै ढल्दैन
मन मेरो कहिले नै ढल्दैन",बिपुल छेत्री,मन,2016,माया
6,"दिन पनि मेरो माया
रात पनि तिम्रै नै समझना
मायालु लाई सम्झी मत
गरिरहेछु यहा कल्पना

एती खेर भई सक्यो
औने कि नूउने मेरो माया
दिन पनि ढाली सक्यो
आजो कति पर्खौने मेरो माया

लाहाइन
माया को जालमा फ्शहयो नि हैन
लाहाइन
हेर्दा हेर्दै योवान ढली सक्यो हैन

आहाहाअ हाआ हाआ

लैजौना मलाई तिमी सँगैइनै सहरमा मेरो माया
मोटर म छरेर म जाने छु तिमी सँगै मेरो माया

दिन पनि मेरो माया
रात पनि तिम्रै नै समझना
मायालु लाई सम्झी मत
गरिरहेछु यहा कल्पना

लाहाइन
माया को जालमा फ्शहयो नि हैन
लाहाइन
हेर्दा हेर्दै योवान ढली सक्यो हैन

आहाहाअ हाआ हाआ

आहाहाअ हाआ हाआ अहहहाहहा हाआ हाआ हाआ अहहहाआअ

आहाहाअ हाआ हाआ अहहहाहहा हाआ हाआ हाआ अहहहाआअ

आहाहाअ हाआ हाआ अहहहाहहा हाआ हाआ हाआ अहहहाआअ

आहाहाअ हाआ हाआ अहहहाहहा हाआ हाआ हाआ अहहहाआअ",बिपुल छेत्री,मेरो माया,2016,माया
7,"आकास भरि नौंलाखे तारा
आकास भरि नौंलाखे तारा
झलल बलिरहे छौ है तिमी कति टाढा


सुनसान छ यहाँ चारैतिर
सुनसान छ यहाँ चारैतिर
त्यो पारी गाँउमा बिजुली बत्ति जलेछ
झ ल ल ल ल ल ल ल ल ल ल ल ल
झ ल ल ल ल ल ल ल ल ल
हावा चल्यो यहाँ सरर
हावा चल्यो यहाँ सरर
सरर हावा चल्यो हल्लाईदियो पिपल रुख
रातकी रानी उलेछ यहाँ
रातकी रानी उलेछ यहाँ
मगमगे बासना चारैतिर छरिएछ जहाँ
जिवन यसै बित्ने हो कि
जिवन यसै बित्ने हो कि
अधुरो जिवन अधुरो बित्ने हो कि
आकास भरि नौंलाखे तारा
आकास भरि नौंलाखे तारा
झलल बलिरहे छौ है तिमी कति टाढा
झ ल ल ल ल ल ल ल ल ल ल ल ल
झ ल ल ल ल ल ल ल ल ल
झ ल ल ल ल ल ल ल ल ल ल ल ल
झ ल ल ल ल ल ल ल ल ल
झ ल ल ल ल ल ल ल ल ल ल ल ल ल
झ ल ल ल ल ल ल ल ल ल",बिपुल छेत्री,नौंलाखे तारा,2016,माया
8,"भेट भयो आज हामी सिन्डिकेट्को माझ हामी
उभिएछु तिम्रो बगल मा, बिजि तिमी मोबाइल मा हेरेछु
खीलेको योवन,



नाम तिम्रो थाहा छैन तर मलाई पर्वाहा छैन
बोली केही रहेछौ है, आँखाले केही भनिरहेछौ है
बोलुं त के भनेर
डर पनि लाग्छ सोचेर

तिमी जाने सिलिगुरि, म जाने सिक्किम तिर

खुसी छु है तिम्रै माझ भुले सारा संसार आज
तिमी पनि म संग नै जान भए कति रमाइलो
हुने थियो भन्नत

कस्तो यो मिलन हाम्रो, बीस मिनेट को सम्बन्ध हाम्रो
पाएर पनि नपाए जस्तो, चिनेर पनि नचिने जस्तो
जिन्दगी यस्तै नै हो र
आफ्नै बाटो त जानू छदै छर

तिमी जाने सिलिगुरि, म जाने सिक्किम तिर

मलाई नै हेरेको झै लाग्छ घरि घरि
(हेरे लाग्छ घरिघरि)
फर्की हेर्छु म पनि आशा सरि
(हुउ... आशा सरि)
मनमा सोच्दै म रमाउद छु
(मनमा सोच्दै रमाउद छु)
तिमी संगै भएको कल्पना गर्छु
(कल्पना गर्छु...)

कस्तो दर्के पानी पर्यो, भिजेर म चुर भए
तिमी संगै ओत लागि आफ्नो गाडी पर्खिरहे
भिजेछु आज म रहर ले

सबै गाडी चढ्न थाल्यो कमाण्डर को हर्न सुनी
कलिम्पोङ टु सिलिगुरि, भन तिमी कस्तो निस्ठुरी
चडेर गयो कता तिर
छाडी राख्यौ मलाई यतै तिर
तिमी जाने सिलिगुरि, म जाने सिक्किम तिर
तिमी जाने सिलिगुरि, म जाने सिक्किम तिर
तिमी जाने सिलिगुरि, म जाने सिक्किम तिर",बिपुल छेत्री,सिन्डिकेट्,2016,माया
9,कहिले काहिँ कता कता बाटो हुन्छ तरै पनि एक्लै एक्लै हिंड्नै परछ है हिंड्नै परछ है एउटै साथी पनि यहाँ छोडेर हिंडनै परछ छोडेर म्म्म्म.ह्म्म्म्म.ह्म्म्म्म.ह्म्म्म्म.आहा. म्म्म्म.ह्म्म्म्म.ह्म्म्म्म.ह्म्म्म्म.आहाहा. नाचुँम्ला भन्थे सँधै तिम्रै दिलमा नाचुँम्ला भन्थे सँधै तिम्रै दिलमा जिवनको बाटोले ल्यायो निलौ याहाँ यसरी नै सबै बिर्सेर ओहो.ओहोहोहोहो. कहिले काहिँ कता कता बाटो हुन्छ तरै पनि एक्लै एक्लै हिंड्नै परछ है हिंड्नै परछ है एउटै साथी पनि यहाँ छोडेर हिंडनै परछ छोडेर म्म्म्म.ह्म्म्म्म.ह्म्म्म्म.ह्म्म्म्म.आहा. म्म्म्म.ह्म्म्म्म.ह्म्म्म्म.ह्म्म्म्म.आहाहा. बसुम्ला भन्थे सँधै तिम्रै छेउमा बसुम्ला भन्थे सँधै तिम्रै छेउमा संसारको रितले पार्यो निलौ तुरमा यसैले हिँडे छोडेर ओहो.ओहोहोहोहो. कहिले काहिँ कता कता बाटो हुन्छ तरै पनि एक्लै एक्लै हिंड्नै परछ है हिंड्नै परछ है एउटै साथी पनि यहाँ छोडेर हिंडनै परछ छोडेर म्म्म्म.ह्म्म्म्म.ह्म्म्म्म.ह्म्म्म्म.आहा. म्म्म्म.ह्म्म्म्म.ह्म्म्म्म.ह्म्म्म्म.आहा. आहाहाहाहाहाहा.,बिपुल छेत्री,कहिले काहिँ,2016,माया
10,"आकाशैमा तारा, जुनेली रात
कलकल खोला बगेको,
तिमी र म, बसि हेरि रहे,


जुनकिरी नाचेको,
आशै आशमा
हिडिरहेछु म आज
पाउन के छ र
भागी जाउँ तिमी र म
संसारको रित यस्तै नै हो
सबै छाडि जाने नै हो
व्यर्थको कुरामा अल्झी बसि
जिन्दगी बिताउने पो हो
उड्न त मन लाग्छ
जाने त हो कता
हा हा हा
पाउन यहाँ के छ र
छाडी राखी जाउँ तिमी म...
हे हे आ आ

आजको यो रात फेरी मलाई
रहरले बिउँझायो
कल्पनाहरु मेरो आँखाभरी
जुनकिरी बनि छायो
यो मिठो रात यतै
बसिदे भए हुन्थ्यो

आ आ

बिहानी आउनु अघि
भागी जाउँ तिमी र म

तिमी म।।।।",बिपुल छेत्री,जुनकिरी,2016,माया
11,"हे...
अाकाशलाई छुने, संसारलाई ढाक्ने,
विशाल तिम्रो डाल


हे...
उडेको बादलले, छोपेको तिम्रो मुहार,
लजाउने तिम्रो चाल
हजारौँ छ तिम्रो रुप, मननै नमेटिने,
जति हेरेपनि
राखेछौ अँगालोमा लिएर, साथमै तिमीले,
हामीलाई जुनि जुनि

Home, home calling home
Home, home calling home

हे...
लिएर के जानुछ, सबै मोह मायामा यहाँ अल्जेछ
चाहिने हामिलाई कति हो,
संगै संगै मिलि जुल्न लेखेकै हाम्रो छ

नबुझ्नेले नबुझेपछि,
त्यो मेरो भन्दै भए सबै बर्बाद
याद अाउँछ तिम्रो याद,
अब त यस्तै छ मेरो हाल,
मै माया भन्दै अाउँदैछ तिम्रो याद

(ॐ मानी पाद्मे हुम)
Home, home calling home
(ॐ मानी पाद्मे हुम)
Home, home calling home
(ॐ मानी पाद्मे हुम)
Home, home calling home,
(ॐ मानी पाद्मे हुम)
Home, home calling home
(ॐ मानी पाद्मे हुम)",बिपुल छेत्री,माउंटेन हाई,2014,स्केत्चेस अफ दार्जीलिङ
12,"डढेलो लाग्यो त्यो पारी डाँडा साँझतिर
लौ है फेरी मनमा मेरो लाग्यो पीर
बतासमा फैलियो आगो सररर
यादहरू तिम्रो फर्केर आयो झललल

बुझाईदेऊ न जलीराने यो मन
पक्डिदेउ न उडीराने यो मन
बुझाईदेऊ न जलीराने यो मन
पक्डिदेउ न उडीराने यो मन

चारैतिर अँध्यारो नै, अँध्यारो नै छ
आजसम्म सपनाहरु अधुरो नै छ
कसरी बुझाऊँ यो नबुझ्ने रहरहरु
दिन र रातझैँ कहिल्यै नमिल्ने सपनाहरु

बुझाईदेऊ न जलीराने यो मन
पक्डिदेउ न उडीराने यो मन",बिपुल छेत्री,विल्द्फिरे,2014,स्केत्चेस अफ दार्जीलिङ
13,"पानी पर्यो सरर, छाना बज्यो गरर
मनमा उठ्यो आज मेरो आनन्दको लहर
हिजोको विपना, आज भएछ सपना


ए कान्छी, कति चाँडै बितेको यो जीवन
पानी पर्यो सरर, भिज्यो कालेबुङ सहर
कालो कालो बादल चढि फर्की आयो असार, ल है

जिन्दगी कहिले घाम कहिले पानी, लै बरी लै
माया नै सबै भन्दा ठुलो कुरो रैछ नि है
चारैतिर निला निला आकाश नै छायो है
वरिपरि लागेको यो कुहिरो हरायो है
मनलाई साँचो राखी हिँडिरहेछु
म तिम्रो साहारामै बाँचिरहेछु, मायालु

पानी पर्याे सरर, छाेडा बग्याे गरर
फर्कि अाए तिम्रै तिर छाडी सारा संसार
हिजोको विपना, अाज भएछ सपना
ए कान्छी, कति चाँडै बितेकाे याे जीवन
पानी पर्याे सरर, भिज्याे कालेबुङ सहर
कालाे कालाे बादल चडि फर्कि अायाे असार

लै बरि लै बरि लै बरि लै, अाे नानी
लै बरि लै बरि लै
लै बरि लै बरि लै बरि लै, अाे नानी
लै बरि लै बरि लै
लै बरि लै बरि लै बरि लै, अाे नानी
लै बरि लै बरि लै
लै बरि लै बरि लै बरि लै, अाे नानी
लै बरि लै बरि लै
लै बरि लै बरि लै बरि लै, अाे नानी
लै बरि लै बरि लै",बिपुल छेत्री,असार,2014,स्केत्चेस अफ दार्जीलिङ
14,"देउराली डाँडाको शीतल हावामा
सारा जंगलनै नाच्यो है
तिमी बिनाको जीन्दगानी


म कसरी नै त काटुँ है

रेलमा चढी म जानेछु टाढा
छाडी यो सबै यो संसार
अाउने दिनको अाशा राखि
म अघि बढेछु त्यो पारि
जीउन फेरि मन लाग्यो
अा हा हा
अा हा हा

जति हिँडे उति टाढा लाग्छ पुग्न त्यहाँ
हेर न दिन ढलिसक्यो
तिम्रै कल्पनाको समुन्द्रमा डुबिरहने
कस्तो यो मनको खाँचो
अब त पुग्ने छ मेरो यो इच्छा
अब त पाउनेछु गरेको प्रतिक्षा
माया

दुनियाको यो मोह मायामा
मलाई धेरै नअल्झाउ है
एउटै भएको जीन्दगानी
म जसरी नै त काटुँ है
रेलमा चढी म जानेछु टाढा
छाडी यो सबै यो घर-बार
तिमीलाई पाउने अाशा राखि
म अघि बढेछु त्यो पारि
जीउन फेरि मन लाग्यो
अा हा हा
अा हा हा

लाग्यो जीउन मन अब
अा हा हा
अा हा हा",बिपुल छेत्री,देउराली डाँडा,2014,स्केत्चेस अफ दार्जीलिङ
15,"राम साइली, म त यौवनको पिरले
गम खाए यसै खोला किनारैमा
राम साइली, म त यौवनको पिरले


गम खाए यसै खोला किनारैमा

ढलपल गर्छन बादल माथी बादलकी रानी
नबिर्सने तिमीलाई टाढा भए पनि
टाढा भए पनि
टाढा भए पनि

राम साइली, म त यौवनको पिरले
गम खाए यसै खोला किनारैमा

चिसो चिसो हावा बग्यो मुटु नै भिज्ने
यसरी नै हो कि मेरो जिन्दगी बित्ने
राम साइली, म त जिन्दगीको खोजमा
गम खाए यसै बिरानो शहरमा

ढलपल गर्छन बादल माथी बादलकी रानी
नबिर्सने तिमीलाई टाढा भए पनि
टाढा भए पनि
टाढा भए पनि

राम साइली, म त यौवनको पिरले
गम खाए यसै खोला किनारैमा
खोला कीनारैमा
खोला कीनारैमा",बिपुल छेत्री,राम साइली,2014,स्केत्चेस अफ दार्जीलिङ
16,"दार्जिलिङको रेल गाडी,
छुक छुक गर्दै अघि बढी
बूढापाखा, यौवन


सबैलाई समेटी हिँडी
बितीसके कति जीवन
आयो फर्कि कति
अघि बढेछौ है तिमी
रूक्ने न कहिल्यै पनि
संसार म छाडी आएँ
तिमी जस्तै हैन, अर्को है

बतासे डाँडा काटेर,
आयो है फेरी फर्केर
इंजिन धुँवा उडाई
कु कु गरी सिटी बजाई
संसारको भीड़मा आज भागेछु म आज
तिम्रो र मेरो माझ पुरानो यो बन्धन अझ
लैजाऊ मलाई तिमीसँग
जिउन यहाँ गार्हो भयो है
कु कु
कु कु
कु कु
आ हा हा

दुई दिनको जिन्दगानी
मर्नेछौं है सबै हामी
जिउनेछु म माया नमारी
आ हा
मनभरी माया बोकी
समझन्छु म घरी घरी
गर्न अझ कति धेरै

तर टाढा त जानु छ मलाई
संसार जित्नु छ मलाई
नसक्ने केहिँ नरैछन् है
हो हो
तिम्रो साथ भएदेखि
तिम्ले हात थामेदेखि
संसार म जीतीदिन्छु
आकाश म चुमिदिन्छु

हरियाली हरियाली चारैतिर हरियाली
जतातिर हेर
भरिएको चीयाबारी
उकाली र ओराली गर्दै आयो डाँडा काटी
कहिल्ये काहीँ तिमी सम्झी याद आउछ बेस्सरी
हिँडेछु त्यो पारी चढेर म रेल गाडी

रेल गाडी रेल गाडी चढेर है जानेछु म
रेल गाडी रेल गाडी
रेल गाडी रेल गाडी चढेर है जानेछु म
रेल गाडी रेल गाडी
रेल गाडी रेल गाडी रेल गाडी
आ हा हा",बिपुल छेत्री,रेल गाडी,2014,स्केत्चेस अफ दार्जीलिङ
17,"केटी:
मनको हुन्न केही भर, हैन र ?
केटा:
मायामा हुन्न केही डर, हैन र ?
केटी:
यो मनलाई त्यो मन को खबर, छैन र ?
केटा:
मायामा बग्दै जाने रहर, छैन र ?
रातले जुनलाई चाहे जस्तो, दिनले घामलाई पाए जस्तो
केटा केटी:
अजम्बरी लाउँला पिरती…हो,अजम्बरी लाउँला पिरती
केटी:
लुकामारी खेल्छ किन, घाम र जुन ?
केटा:
अनि पो हुन्छ रात र दिन
आफ्नै आकाश आफ्नै धर्ती, अनि हाम्रो आफ्नै होला साँझ बिहान
केटी:
खै के ले खै के ले खान्छ, नि खै के ले खान्छ
नि कुटु कुटु मन मेरो किन?
कैले तितो कैले मिठो, यस्तो कथा रैछ माया मुटुको सुन
केटा:
घामपानीले मायालाई छुन्छ र ?
केटी:
हो.. माया को रंग मधुरो हुन्छ र ?
यो मनलाई त्यो मनको खबर, छैन र ?
केटा:
मायामा बग्दै जाने रहर, छैन र ?
किनाराले नदीलाई डोर्याए जस्तो, नदीले सागर पाए जस्तो
केटा केटी:
अजम्बरी लाउँला पिरती… हो, अजम्बरी लाउँला पिरती
	
","काली प्रसाद बास्कोटा, मेलिना राई, सबिन  एकतारे",अजम्बरी लाउँला पिरती,2017,ज्ञान्ग्स्टर ब्लुस 
18,"""केटी:
हे दाजु नसमाऊ नाडीमा, जान्न म त डिजेलको गाडीमा
हिलो लाग्ला नाइलनको साडीमा, हिलो लाग्ला नाइलनको साडीमा
केटा:
हे सानु समाऊ न नाडीमा, घुम्न जाऊ डिजेलको गाडीमा
हिलो लाग्ला नाइलनको साडीमा, हिलो लाग्ला नाइलनको साडीमा
बाइस वर्ष लागिसक्या फिलै नहुने, मैंयाहरु कति भेटे दिलै नहुने
हे बाइस वर्ष लागिसक्या फिलै नहुने, मैंयाहरु कति भेटे दिलै नहुने
ट्यालेन्ट स्यालेन्ट केही नचाहिने, सपना सलमान खानको
केटाहरुलाई झुलाएर ड्रिम समवनको, म पनि भिनाजुको सिंगल सालो
गोरो गोरो कति खोज्छौ, यता ह्यान्डसम कालो
हे सानु समाऊ न नाडीमा, घुम्न जाऊ डिजेलको गाडीमा
हिलो लाग्ला नाइलनको साडीमा, हिलो लाग्ला नाइलनको साडीमा
केटी:
हे दाजु नसमाऊ नाडीमा, जान्न म त डिजेलको गाडीमा
हिलो लाग्ला नाइलनको साडीमा, हिलो लाग्ला नाइलनको साडीमा
केटी नपट्टीएसम्म अनेक गफ गर्ने, मिसन पुरा भएपछि मोबाइल अफ गर्ने
हो हो हो केटी नपट्टीएसम्म अनेक गफ गर्ने, मिसन पुरा भएपछि मोबाइल अफ गर्ने
घरमा राम राम तिमी बाहिर कृष्ण जस्तो, फकाउनलाई जे नि भन्छौ कुरा कत्ति सस्तो
ड्याड ममको म पनि सिंगल छोरी, पाउनलाई गार्है पर्ला यती राम्री गोरी
केटा:
हे सानु समाऊ न नाडीमा, घुम्न जाऊ डिजेलको गाडीमा
हिलो लाग्ला नाइलनको साडीमा, हिलो लाग्ला नाइलनको साडीमा
केटी:
हे दाजु नसमाऊ नाडीमा, जान्न म त डिजेलको गाडीमा
केटा केटी:
हिलो लाग्ला नाइलनको साडीमा, हिलो लाग्ला नाइलनको साडीमा
हे हिलो लाग्ला नाइलनको साडीमा, हिलो लाग्ला नाइलनको साडीमा
""","अल्मोडा राना उप्रेती, सुजाता वर्मा दीपक राज गिरि, प्रिन्स नेपाली ",ए दाजु नसमाऊ,2017,"
छक्का पन्जा २ "
19,"                
गोदावरी
गोदावरी
गोदावरी
गोदावरी बनैमा, राख मलाई मनैमा (राख मलाई मनैमा)
गोदावरी बनैमा, राख मलाई मनैमा (राख मलाई मनैमा)
आउन माया संगै बसौं न न न
चोभारैको डाँडइमा, राख मलाई काखैमा
चोभारैको डाँडइमा, राख मलाई काखैमा
लौ न माया प्रिती साटौं न
हे आउन माया प्रिती साटौं न न न
शनिबार बिहानै हिडे फिलिम हेर्नलाई
शनिबार बिहानै हिडे फिलिम हेर्नलाई
तिमी आउने बाटो हेरी म त कुरी बसे है
तिमी आउने बाटो हेरी म त कुरी बसेहै
बाल्कुनिको कुनामा फिल्म हेर्ने धुनमा
बाल्कुनिको कुनामा फिल्म हेर्ने धुनमा
अँध्यारोमा छाम्मछुम्म तिम्लाई माया गरे है
अँध्यारोमा छाम्मछुम्म तिम्लाई माया गरे है
सुन्दरीजल खोलामा, बुक राखी झोलामा
सुन्दरीजल खोलामा, बुक राखी झोलामा
आउन माया पढ्नी गरौँ न न न
चन्द्रगिरि डाँडईमा, डेटिंग गाको बेलैमा
चन्द्रगिरि डाँडईमा, हो डेटिंग गाको बेलैमा
लब्ली लब्ली सेल्फी हानौं न
हे लब्ली लब्ली सेल्फी हानौं न न न
गोदावरी बनैमा, राख मलाई मनैमा (राख मलाई मनैमा)
गोदावरी बनैमा राख मलाई मनैमा
आउन माया संगै बसौ न न न
चोभारैको ड्दैमा राख मलाई काखेमा
चोभारैको ड्दैमा हो राख मलाई काखेमा
लौ न माया प्रिती साटौं न न न
आउन माया प्रिती साटौं न न न
आउन माया संगै बसौं न न
लौ न माया प्रिती साटौं न न न
",जन्म  राई ,गोदावरी बनैमा,2017,
20,"हे कान्छी एकोहोरो माया नलाएकै बेस
हे कान्छी एकोहोरो माया नलाएकै बेस
आफ्नै बाटो हुनेछ, पाइला छुट्टै चल्नेछ
झुटो कसम नखाएकै बेस,
त्यो झुटो कसम नखाएकै बेस
धेरै नै छन् यात्रा गर्नु, काँडामाथि हिड्छु भनें
पाइला पाइला उठे पनि, हजार बार लड्छु भनें
जानी जानी जिन्दगी यो व्यर्थै
हो जानी जानी जिन्दगी यो व्यर्थै
नजलाएकै बेस, नजलाएकै बेस
हे कान्छी एकोहोरो माया नलाएकै बेस
हे कान्छी एकोहोरो माया नलाएकै बेस
आफ्नै बाटो हुनेछ, पाइला छुट्टै चल्नेछ
झुटो कसम नखाएकै बेस,
त्यो झुटो कसम नखाएकै बेस
अधुरो बन्ला प्रेम कहानी, म संग माया लायौ भने
डाँडई काटी जानु पर्दा, पछि पछि धायौ भने
जानी जानी बैस किन व्यर्थै,
हो जानी जानी बैस किन व्यर्थै
नफालेको नै बेस, नफालेको नै बेस
हे कान्छी एकोहोरो माया नलाएकै बेस
हे कान्छी एकोहोरो माया नलाएकै बेस
आफ्नै बाटो हुनेछ, पाइला छुट्टै चल्नेछ
झुटो कसम नखाएकै बेस,
त्यो झुटो कसम नखाएकै बेस
त्यो झुटो कसम नखाएकै बेस
त्यो झुटो कसम नखाएकै बेस
",राजेश राई ,ए कान्छी ,2017,
21,"		
जे जे भन्छौ तिमी मलाई, चुपचाप म सहिदिन्छु
जे जे भन्छौ तिमी मलाई, चुपचाप म सहिदिन्छु
घाम अनि बादल जस्तै, घाम अनि बादल जस्तै
धेरै टाढा गइदिन्छु, जे जे भन्छौ तिमी मलाई
जे जे चाह्यौ तिमीलाई मैले, सबै कुरा दिएकै थिएँ
तिम्रो खुशीलाई आफ्नै भनी, तिम्रै आशमा जिएँ
अब भइगो केही भन्दिन म, बिदा भइदिन्छु
अब भइगो केही भन्दिन म, बिदा भइदिन्छु
घाम अनि बादल जस्तै, घाम अनि बादल जस्तै
धेरै टाढा गइदिन्छु, जे जे भन्छौ तिमी मलाई
",सुगम पोखरेल ,जे जे भन्छौ,2017,
22,"केटा:
छाइदियौ तिमी मेरो जीवनमा, खुशीको बहार बनेर
छाइदियौ तिमी मेरो जीवनमा, खुशीको बहार बनेर
आइदियौ तिमी मेरो संसारमा, सृष्टिको उपहार बनेर
सृष्टिको उपहार बनेर
केटी:
नदेखें तिमीलाई एकै छिन, आकाश खसे झैं लाग्छ
नबोले तिमी एकै पल, धर्ती भास्से झैं लाग्छ
नबोले तिमी एकै पल, धर्ती भास्से झैं लाग्छ
केटा:
बाटो काटी नहिड्नु है, नदेखे झैं गरी
यस्तै खुशी यस्तै माया, दिन्छु सधैं भरीलाई
हो….बाटो काटी नहिड्नु है, नदेखे झैं गरी
यस्तै खुशी यस्तै माया, दिन्छु सधैं भरीलाई
केटी:
छाइदियौ तिमी मेरो जीवनमा, खुशीको बहार बनेर
आइदियौ तिमी मेरो संसारमा, सृष्टिको उपहार बनेर
सृष्टिको उपहार बनेर
फूल त्यसै कहाँ फुल्छ र गोडमेलै नगरी
बनिदिनु तिमी मेरो दिलैको नाम चौतारी
फूल त्यसै कहाँ फुल्छ र गोडमेलै नगरी
बनिदिनु तिमी मेरो दिलैको नाम चौतारी
केटा:
नदेखें तिमीलाई एकै छिन, आकाश खसे झैं लाग्छ
नबोले तिमी एकै पल, धर्ती भास्से झैं लाग्छ
नबोले तिमी एकै पल, धर्ती भास्से झैं लाग्छ
","एकदेव लिम्बु , सुनिता थेगिम लिम्बु ",छाइदियौ तिमी मेरो जीवनमा,2017,
23,"फूल या हो जून मेरो, माया कुन हो कुन
फूल या हो जून मेरो, माया कुन हो कुन
कुन्नी के को आभास हो यो
छुन छुन छुन छुन छुन छुन छुन
छुन छुन छुन छुन छुन छुन छुन
फूल या हो जून मेरो, माया कुन हो कुन
फूल या हो जून मेरो, माया कुन हो कुन
कुन्नी के को आभास हो यो
छुन छुन छुन छुन छुन छुन छुन
छुन छुन छुन छुन छुन छुन छुन
फूल भनौं भने मेरो काँडा बिझिदेला
जून भनौं भने मेरो टाढा बसिदेला
फूल भनौं भने मेरो काँडा बिझिदेला
जून भनौं भने मेरो टाढा बसिदेला
सूर या हो धुन मेरो, माया कुन हो कुन
सूर या हो धुन मेरो, माया कुन हो कुन
कुन्नी के को आभास हो यो
छुन छुन छुन छुन छुन छुन छुन
छुन छुन छुन छुन छुन छुन छुन
रुप हेर्यो कति राम्रो, आँखै लोभ्याइ जाने
एकोहोरो हेरिरहें, होसै उडाइ लाने
रुप हेर्यो कति राम्रो, आँखै लोभ्याइ जाने
एकोहोरो हेरिरहें, होसै उडाइ लाने
चांदी या हो सुन मेरो, माया कुन हो कुन
चांदी या हो सुन मेरो, माया कुन हो कुन
कुन्नी के को आभास हो यो
छुन छुन छुन छुन छुन छुन छुन
छुन छुन छुन छुन छुन छुन छुन
फूल या हो जून मेरो, माया कुन हो कुन
फूल या हो जून, मेरो, माया कुन हो कुन
कुन्नी के को आभास हो यो
छुन छुन छुन छुन छुन छुन छुन
छुन छुन छुन छुन छुन छुन छुन
छुन छुन छुन छुन छुन छुन छुन
छुन छुन छुन छुन छुन छुन छुन
","
सबिन लिम्बु ",फूल या हो जून ,2017,
24,"सानीलाई….
छोएर….
बगेको….
पानी….
खाइदिऊला….
मै मरी जाउँला सानीलाई, छोई कसम खाइदिउंला
लैजाउँला
म पनि आउँला संगसंगै, साइनोले बाँधिदिउंला
लैजाउँला
हो……मै मरी जाउँला सानीलाई, छोई कसम खाइदिउंला
लैजाउँला
दुई वचन मीठो गरि बोलि देऊ न
नगरी कुनै बहाना
मनको कुरा नलुकाई खोलिदेउन, यही नै मेरो चाहा..ना
आकाश बाँधी जुन तारा टिपेर, सिउँदो भर्रौंला
लैजाउँला
हो…..मायाले बाँधे मन त के छ र ज्यानै दि दिउंला
लैजाउँला
सानीलाई….
छोएर….
बहेको….
हावा….
खाइदिऊला….
नदेखे झैँ गरे पनि सहि दिउंला म
देखे सरि भो, कहाँ कहाँ
सयौँ खोला तरिदिउंला, तिम्रो लागि म
तिमी छौ जहाँ, म वहाँ….
पठाउनेलाई के छ र, तिम्रो पछि पछि आइदिउंला
लैजाउँला
हो…. गर्दिन है बैमानी, जुनी जुनी तिम्रै भैदिउंला
लैजाउँला
मै मरी जाउँला, सानीलाई छोई कसम खाईदिउंला
लैजाउँला
म पनि आउँला संग-संगै, साइनोले बाँधी दिउंला
लैजाउँला
हो……मै मरी जाउँला, सानीलाई छोई कसम खाईदिउंला
लैजाउँला
","दीपक बज्राचार्य , रिक्की शाक्य ",सानी,2017,
25,"केटा:
दुई चुल्ठी बाट्नेलाई, पटुकी कस्नेलाई
दुई चुल्ठी बाट्नेलाई, पटुकी कस्नेलाई
लैजाउं लैजाउं लाग्छ, हौ लैजाउं लैजाउं लाग्छ
केटी:
ढाका टोपी लाउनेलाई, त्यो आँखा सन्काउनेलाई
ढाका टोपी लाउनेलाई, त्यो आँखा सन्काउनेलाई
रोजूं रोजूं लाग्छ, हौ रोजूं रोजूं लाग्छ
केटा केटी:
मन मिले मन साटौंला, चोखो माया गांसौंला
मन मिले मन साटौंला, चोखो माया गांसौंला
ज्यानै दिए डांडई काटौंला, हौ ज्यानै दिए डांड्यै काटौंला
केटा:
सिम खेतलाई सिमकै पानी, टारी खेतलाई कुलो
सिम खेतलाई सिमकै पानी, टारी खेतलाई कुलो
यो संसारमा सबै भन्दा माया रैछ ठुलो
हौ यो संसारमा सबै भन्दा माया रैछ ठुलो
केटी:
कलकल बग्ने मूलको पानी अन्जुलीले पिउंला
कलकल बग्ने मूलको पानी अन्जुलीले पिउंला
साँचो माया दिन्छौ भने ज्यानै सुम्पीदिउँला
साँचो माया दिन्छौ भने ज्यानै सुम्पीदिउँला
केटा:
दुई चुल्ठी बाट्नेलाई, पटुकी कस्नेलाई
दुई चुल्ठी बाट्नेलाई, पटुकी कस्नेलाई
लैजाउं लैजाउं लाग्छ, हौ लैजाउं लैजाउं लाग्छ
वरपिपललाई साँची राखी आजै कसम खान्छु
वरपिपललाई साँची राखी आजै कसम खान्छु
राजीखुशी भयौ भने यहि मंसिरमा लान्छु
हौ राजीखुशी भयौ भने यहि मंसिरमा लान्छु
केटी:
कहिले वारी कहिले पारी, व्यर्थ्यै किन धाउनु
कहिले वारी कहिले पारी, व्यर्थ्यै किन धाउनु
यो मनले रोज्यो तिम्लाई घरमै माग्न आउनु
यो मनले रोज्यो तिम्लाई घरमै माग्न आउनु
केटा:
दुई चुल्ठी बाट्नेलाई, पटुकी कस्नेलाई
दुई चुल्ठी बाट्नेलाई, पटुकी कस्नेलाई
लैजाउं लैजाउं लाग्छ, हौ लैजाउं लैजाउं लाग्छ
केटी:
ढाका टोपी लाउनेलाई, त्यो आँखा सन्काउनेलाई
रोजूं रोजूं लाग्छ, हौ रोजूं रोजूं लाग्छ
केटा केटी:
मन मिले मन साटौंला, चोखो माया गांसौंला
मन मिले मन साटौंला, चोखो माया गांसौंला
ज्यानै दिए डांडई काटौंला, हौ ज्यानै दिए डांड्यै काटौंला
"," राजेश पायल राई , मेलिना राई ",दुई चुल्ठो,2017,मुर्चुङ्गा 
26,"केटी:
चोखो माया दिए पुग्छ मलाई
चाहिदैन सुन चाँदी मलाई
न्यानो माया दिए पुग्छ मलाई
तिम्रो हृदय को कुना राखी मलाई
केटा:
सहन सक्दिन म
तिम्ले अरु कसैलाई जानी नजानी छोएको
केटी:
सहन सक्दिन म
तिम्ले अरु कसैलाई जानी नजानी छोएको
केटा:
यो मन कल्पी दिन्छ, मनमा पीडा हुन्छ
कसरी सम्हालू खोइ मेरो यो ज्यानलाई
केटा:
तिम्रो साथ विना, तिम्रो माया विना
यो जीवन अधुरो रहन्छ
केटी:
तिम्रो साथ पाए, माया पाए
यो जूनी सजिलै काटिन्छ
केटा:
सहन सक्दिन म
तिम्ले अरु कसैलाई जानी नजानी छोएको
केटी:
तिमीलाई नै हेरे, तिम्रो कुरा गरी
आफै हराउछु म
केटा:
यो हात थामी त्यो साथ पाए
यो बाटो सजिलै काटिन्छ
केटी:
सहन सक्दिन म
तिम्ले अरु कसैलाई जानी नजानी छोएको
	
","कमल खत्री ,श्रेया सोतांग ",चोखो माया दिए पुग्छ मलाई,2017,
27,"ल्याइदिउंला तिलहरी, ल्याइदिउंला बुलकी इ इ इ इ….इ
ल्याइदिउंला तिलहरी, ल्याइदिउंला बुलकी इ
आगौको सालैमा धपक्कै पियारी
ल्याइदिउंला तिलहरी, ल्याइदिउंला बुलकी
आगौको सालैमा धपक्कै पियारी
ल्याइदिउंला तिलहरी, ल्याइदिउंला बुलकी इ इ इ….इ
सिरानी राइफलको सिरानी, मारुनी मन भने मारुनी
नाच्छ नि छमछम छमछम छम् छम् मारुनी
थपनि मुटुमै थपनि, सपनी तिम्रो नै सपनी
आउछ नि झनझन झनझन झन् झन् सपनी
जहिले मन दोधारे, तीर कहिले होला नि
ल्याउंला तिलहरी, ल्याइदिउंला बुलकी इ इ इ इ….इ
लाइरने तेइ माया लाइरने, गाइरने विरह गाइरने
मुटुले पलपल पलपल पल् पल् विरह
बिहानी साँझै र बिहानी, आइरनी झझल्को आइरनी
आँखैमा झलझल झलझल झल् झल् गाउँघर
तहिले मन चंगा यो, भेट जहिले होला नि
ल्याउंला तिलहरी, ल्याइदिउंला बुलकी इ इ इ इ….इ
	
",काली प्रसाद बास्कोटा,"ल्याइदिउंला तिलहरी, ल्याइदिउंला बुलकी",2017,
28,"		
केटा:
म यस्तो गीत गाउँछु, (म यस्तो गीत गाउछु)
जुन प्रेम गीत बनोस्, (जुन प्रेम गीत बनोस्)
केटी:
हर माया गर्ने जोडीले, आफ्नै गीत भनोस्
केटा:
म यस्तो गीत गाउँछु, जुन प्रेम गीत बनोस
केटी:
हर माया गर्ने जोडीले, आफ्नै गीत भनोस्
केटा:
राम्रा राम्रा सपना होस् त्यहाँ
केटी:
मिठा मिठा विपना होस् त्यहाँ
केटा:
दुई मुटु एक धड्कन हुन्छ जहाँहाँहाँ
केटा केटी:
नियालेर मेरो आँखामा हेर, त्यहाँ पाउँछौ आफ्नै चित्र
सजाई सक्या छु मैले तिमीलाई, मेरो यो मुटु भित्र
नियालेर मेरो आँखामा हेर, त्यहाँ पाउँछौ आफ्नै चित्र
सजाई सक्या छु मैले तिमीलाई, मेरो यो मुटु भित्र
केटी:
हो हो हो हो हो हो हो
केटा:
आफ्नै भन्दा प्यारो लाग्दो रैछ तिम्रो जीवन
केटी:
आफ्नै वसमा कहाँ हुँदो रैछ र यो मन
केटा:
हो हो
आफ्नै भन्दा प्यारो लाग्दो रैछ तिम्रो जीवन
केटी:
आफ्नै वसमा कहाँ हुदो रैछ र यो मन
केटा:
डुल्छ तिम्रै वरिपरी
केटी:
भुल्छ तिम्रै वरिपरी
केटा केटी:
सम्झीएर तिमीलाई घरी घरीरीरीरी
नियालेर मेरो आँखामा हेर, त्यहाँ पाउँछौ आफ्नै चित्र
सजाई सक्या छु मैले तिमीलाई, मेरो यो मुटु भित्र
","अन्जु पन्त , सुगम पोखरेल ",म यस्तो गीत गाउँछु ,2017,
29,"मन दिन्छु मुटु दिन्छु, फेर्नुपर्ने सास दिन्छु
घटी बढी होइन सधैं, माया एकनास दिन्छु
कसम हो कसम, कसम हो कसम
मन दिन्छु मुटु दिन्छु, फेर्नुपर्ने सास दिन्छु
घटी बढी होइन सधैं, माया एकनास दिन्छु
कसम हो कसम, कसम हो कसम
कसम तिमीसंग कहिले हुने छैन दूर
ए मेरो हजुर, ए मेरो हजुर, ए मेरो हजुर, ए मेरो हजुर
कुरा गर्ला दुनियाले गरोस्, हाम्रो के नै जान्छ
बुट्टा भर्ला अनेक अनेक भरोस, हाम्रो के नै जान्छ
हुम्मम कुरा गर्ला दुनियाले गरोस्, हाम्रो के नै जान्छ
बुट्टा भर्ला अनेक अनेक भरोस, हाम्रो के नै जान्छ
कसम हो कसम, कसम हो कसम
हेर्दै जाँदा दुनियाँ यो बदलेला जरुर
ए मेरो हजुर, ए मेरो हजुर, ए मेरो हजुर, ए मेरो हजुर
तिमीविना पुरा हुन्न, सत्य म त टाढा हुन्छु
रंग जान्छ तिमी संगै, म त सादा सादा हुन्छु
तिमी बिना पुरा हुन्न, सत्य म टाढा हुन्छु
रंग जान्छ तिमी संगै, म त सादा सादा हुन्छु
कसम हो कसम, कसम हो कसम
कसम हो कसम, कसम हो कसम
तिम्ले गर्दा पाएको छु खुसि भरपुर
ए मेरो हजुर, ए मेरो हजुर, ए मेरो हजुर, ए मेरो हजुर
ए मेरो हजुर, ए मेरो हजुर, ए मेरो हजुर, ए मेरो हजुर
ए…………….मेरो हजुर
",सुगम पोखरेल ,कसम हो कसम,2017,ए मेरो हजुर २ 
30,"केटा:
टक्क
टक्क टाकन टुकुन टाकन टुकुन टाकन टुकुन टक्क
टाकन टुकुन टाकन टुकुन टाकन टुकुन टक्क
टाकन टुकुन टाकन टुकुन टाकन टुकुन टक्क
टाकन टुकुन टाकन टुकुन टाकन टुकुन टक्क
केटी:
रुरुरुरुरुरुरु रुरुरुरुरुरुरु
तिन पाथी मकै दुई पाथी कोदो घट्टैमा पिनेर
तिन पाथी मकै दुई पाथी कोदो घट्टैमा पिनेर
आईपुगें म त हजुरलाई भेट्न घर धन्दा छिनेर
माया हातमा रुमाल हल्लाऊदै, माया हातमा रुमाल हल्लाऊदै
माया हातमा रुमाल हल्लाऊदै, माया हातमा रुमाल हल्लाऊदै
केटा:
सिरैमा सिरफुल निधारमा टिकी, क्या राम्री भाकी छेउ (क्या राम्री भाकी छेउ )
सिरैमा सिरफुल निधारमा टिकी, क्या राम्री भाकी छेउ
(क्या राम्री क्या राम्री क्या राम्री भाकीछेऊ)
मै सित पिरिम परेर होला भेट गर्न आकी छेऊ
माया हातमा रुमाल हल्लाऊदै, माया हातमा रुमाल हल्लाऊदै,
माया हातमा रुमाल हल्लाऊदै, माया हातमा रुमाल हल्लाऊदै,
केटा केटी:
टाकन टुकुन टाकन टुकुन टाकन टुकुन टक्क
टाकन टुकुन टाकन टुकुन टाकन टुकुन टक्क
केटी:
मै मोरी राती दौडिदै आकी हजुरको सत्कारमा
मै मोरी लाटी दौडिदै आकी हजुरको सत्कारमा
आँखामा गाजल लाउनै भुलेछु, आँखामा गाजल लाउनै भुलेछु, मैले त हतारमा
माया हातमा रुमाल हल्लाऊदै, माया हातमा रुमाल हल्लाऊदै,
केटा:
लत्पतिएको ओठको लाली, तै पनि सुहाको
हे लत्पतिएको ओठको लाली, तै पनि सुहाको
आजै हो मैले जीवनमा पैले, आजै हो मैले जीवनमा पैले, पिरतीले नुहाको
केटा केटी:
माया हातमा रुमाल हल्लाऊदै, माया हातमा रुमाल हल्लाऊदै,
माया हातमा रुमाल हल्लाऊदै, माया हातमा रुमाल हल्लाऊदै,
टाकन टुकुन टाकन टुकुन टाकन टुकुन टक्क
","राजन राज सिवाकोटी , मंदाबी त्रिपाठी",टाकन टुकुन टाकन टुकुन,2017,कमले को बिहे 
31,"केटा: भन्छु आज मनका कुरा सुन्छ्यौ भने तिमी
जुनी जुनी सम्म मेरै हुन्छ्यौ भने तिमी
केटी: हम्…. भन्छु आज मनका कुरा सुन्छौ भने तिमी
जुनी जुनी सम्म मेरै हुन्छौ भने तिमी
केटा : जिन्दगीको कुनै मोडमा रुनुपर्यो भने
आफ्नै सम्झी परेली छुन्छ्यौ भने तिमी
केटा र केटी: हम्…..आफ्नै सम्झी परेली छुन्छौ भने तिमी
केटा: भन्छु आज मनका कुरा
केटी: हम्…..हम्…..हम्…..
केटा: तिम्रो साथमा भए हाँस्न सजिलो हुन्छ मलाई
भविष्य सम्झिएर बाँच्न सजिलो हुन्छ मलाई
केटी: हम्……तिम्रो साथमा भए हाँस्न सजिलो हुन्छ मलाई
भविष्य सम्झिएर बाँच्न सजिलो हुन्छ मलाई
केटा: मेरा खुशी सबै नै तिम्लाई दिन्छु मेरो हुन्छ्यौ भने तिमी
ती हातले यी परेली छुन्छ्यौ भने तिमी
केटा र केटी: हम्….हम्…. आफ्नै सम्झी परेली छुन्छौ भने तिमी
केटी: भन्छु आज मनका कुरा
केटा: सुन्छ्यौ भने तिमी
केटी: तिमीबाहेक अरु छैन जीवनमा ठुलो कुरा
तिमी भए सबै पुरा हुँदैन केही अधूरा
केटा: तिमीबाहेक अरु छैन जीवनमा ठुलो कुरा
तिमी भए सबै पुरा हुँदैन केही अधूरा
केटी: सुम्पिदिन्छु तिमीलाई जिन्दगी नै मेरो हुन्छौ भने तिमी
ती हातले यी परेली छुन्छौ भने तिमी
केटा र केटी: हो हो आफ्नै सम्झी परेली छुन्छौ भने तिमी
केटी: भन्छु आज मनका कुरा सुन्छौ भने तिमी
केटा: जुनी जुनी सम्म मेरै हुन्छ्यौ भने तिमी
","अन्जु पन्त , सुगम पोखरेल ",भन्छु आज मनका कुरा,2017, प्रेम गीत २ 
32,"सुन साइँली, साइँली, परदेशबाट म आउला
सुन साइँली, साइँली, चालीस कटेसी रमाउला
सुन साइँली, साइँली, परदेशबाट म आउला
सुन साइँली, साइँली, चालीस कटेसी रमाउला
सुन साइँली, साइँली, दियोमा बत्ती हुरुरु
सम्झी कहिले नरुनु
सुन साइँली, साइँली, परदेशबाट म आउला
सुन साइँली, साइँली, चालीस कटेसी रमाउला
सुन साइँली, साइँली, निधारमा नाम्लो बरियो
भाबीको खेलमा परियो
सुन साइँली, साइँली, खोलामा पानी कलल
गाउँघरको तस्बीर झलल
सुन साइँली, साइँली, पिढीमा जाँतो घरर
झर्दो हो आँसु बरर
सुन साइँली, साइँली, परदेशबाट म आउला
सुन साइँली, साइँली, चालीस कटेसी रमाउला
चालीस कटेसी रमाउला
चालीस कटेसी रमाउला
",हेमन्त राना ,सुन साइँली साइँली ,2017,
33,"		
केटा:
कुटुमा कुटु
केटी:
सुपारी दाना
केटा:
कुटुमा कुटु
कुटुमा कुटु
केटी:
सुपारी दाना
केटा:
कुटुमा कुटु
कुटुमा कुटु
केटी:
सुपारी दाना
केटा:
कुटुमा कुटु
कुटुमा कुटु
केटी:
सुपारी दाना
केटा:
कुटुमा कुटु
केटा केटी:
कुटुमा कुटु
सुपारी दाना
कुटुमा कुटु
कुटुमा कुटु
सुपारी दाना
कुटुमा कुटु
केटी:
हेर्दामा जीउ ज्यान खाइलाग्दो, जागिरे मर्द बलियो
इमान्दारी केटोलाई जोवन दिने मन थियो
हेर्दामा जीउ ज्यान खाइलाग्दो, जागिरे मर्द बलियो
इमान्दारी केटोलाई जोवन दिने मन थियो
खैनी चुरोट खान्छौ कि दांतै कालो छ
दांतै कालो छ हजुर ओठै कालो छ
दिदिको मगनी भैसक्यो मेरै पालो छ
दिदिको मगनी भैसक्यो मेरै पालो छ
केटा:
यसपाली हिउंदो महिनामा बिहे नगरी भा’छैन
कन्याको ठहर ठेगाना केही पानी टूङ्गो ला’छैन
यसपाली हिउंदो महिनामा बिहे नगरी भा’छैन
कन्याको ठहर ठेगाना केही पानी टूङ्गो ला’छैन
कोरीबाटी चट्ट कपाल लाली ओठैमा
लाली ओठैमा हजुर लाली ओठैमा
झ्याप्पै कदम रोकियो फुलको बोटैमा
ए झ्याप्पै कदम रोकियो फुलको बोटैमा
केटा केटी:
कुटुमा कुटु सुपारी दाना
कुटुमा कुटु
कुटुमा कुटु सुपारी दाना
कुटुमा कुटु
कुटुमा कुटु सुपारी दाना
कुटुमा कुटु
कुटुमा कुटु सुपारी दाना
कुटुमा कुटु
केटी:
बिर्कोमा ला’को चिनीमा कसरी पस्यो कमिलो
डाँडाबारीको सुन्तला गुलियो छ कि आमिलो
बिर्कोमा ला’को चिनीमा कसरी पस्यो कमिलो
डाँडाबारीको सुन्तला गुलियो छ कि आमिलो
खैनी चुरोट खान्छौ कि दांतै कालो छ
दांतै कालो छ हजुर ओठै कालो छ
दिदिको मगनी भैसक्यो मेरै पालो छ
दिदिको मगनी भैसक्यो मेरै पालो छ
केटा:
राजाको हात्ती मै सित, सौ तोला सुन छ ल्हासाको
पढाई लेखाईमा अब्बल छु, वैज्ञानिक बन्छु नासाको
राजाको हात्ती मै सित, सौ तोला सुन छ ल्हासाको
पढाई लेखाईमा अब्बल छु, वैज्ञानिक बन्छु नासाको
कोरीबाटी चट्ट कपाल लाली ओठैमा
लाली ओठैमा हजुर लाली ओठैमा
झ्याप्पै कदम रोकियो फुलको बोटैमा
ए झ्याप्पै कदम रोकियो फुलको बोटैमा
केटा केटी:
कुटुमा कुटु सुपारी दाना
कुटुमा कुटु
कुटुमा कुटु सुपारी दाना
कुटुमा कुटु
कुटुमा कुटु सुपारी दाना
कुटुमा कुटु
कुटुमा कुटु सुपारी दाना
कुटुमा कुटु
केटी:
बघिनिको छोरीलाई कुखुराको भालेले
ठुल्ठुला कुरा गरेर पट्याउन आँट्यो कालेले
बघिनिको छोरीलाई कुखुराको भालेले
ठुल्ठुला कुरा गरेर पट्याउन आँट्यो कालेले
खैनी चुरोट खान्छौ कि दांतै कालो छ
दांतै कालो छ हजुर ओठै कालो छ
दिदिको मगनी भैसक्यो मेरै पालो छ
दिदिको मगनी भैसक्यो मेरै पालो छ
केटा:
छिमेकी हुँ म बाघैको, सन्तान काली नागैको
तिमी त रैछ्यौ मितिनी, कोइली होइन कागैको
छिमेकी हुँ म बाघैको, सन्तान काली नागैको
तिमी त रैछ्यौ मितिनी, कोइली होइन कागैको
कोरीबाटी चट्ट कपाल लाली ओठैमा
लाली ओठैमा हजुर लाली ओठैमा
झ्याप्पै कदम रोकियो फुलको बोटैमा
ए झ्याप्पै कदम रोकियो फुलको बोटैमा
केटा केटी:
मनमा मिले मेला हजुर, नमिले झमेला
मनमा मिले मेला हजुर, नमिले झमेला
आजै गरौँ रमाइलो, भोलि त के होला
आजै गरौँ रमाइलो, भोलि त के होला
केटा केटी:
कुटुमा कुटु सुपारी दाना
कुटुमा कुटु
कुटुमा कुटु सुपारी दाना
कुटुमा कुटु
कुटुमा कुटु सुपारी दाना
कुटुमा कुटु
कुटुमा कुटु सुपारी दाना
कुटुमा कुटु
","राजन राज शिवाकोटी , मेलिना राई , राजन इशान ",कुटुमा कुटु ,2017,२ रुपैयाँ 
34,"फ्यान्टास्स्टिक फ्यान्टास्स्टिक
वओउन्डरफुल वओउन्डरफुल
फ्यान्टास्स्टिक वओउन्डरफुल हुनेथियो लाइफ, मेरो मन को तालैमा हाने तिम्ले डाइभ
फ्यान्टास्स्टिक वओउन्डरफुल हुनेथियो लाइफ, मेरो मन को तालैमा हाने तिम्ले डाइभ
फ्यान्टास्स्टिक वओउन्डरफुल हुनेथियो लाइफ, मेरो मन को तालैमा हाने तिम्ले डाइभ
एक्लो जिबनको परब्लम भुलेर, एक्लो जिबनको परब्लम भुलेर
हे आउ नाचौ पातली झमझमी रुझेर
पानी पर्यो असिना झर्यो दाईको रुमाल भाउजुलाई मनपर्यो
पानी पर्यो असिना झर्यो दाईको रुमाल भाउजुलाई मनपर्यो
फ्यान्टास्स्टिक फ्यान्टास्स्टिक
वओउन्डरफुल वओउन्डरफुल
इलास्टिक जस्तै तन्किने मेरो लाइफ, मेरो मन को तालैमा न हाने तिम्ले डाइभ
इलास्टिक जस्तै तन्किने मेरो लाइफ, मेरो मन को तालैमा न हाने तिम्ले डाइभ
राखौला फेसबुकमा सेल्फी खिचेर, राखौला फेसबुकमा सेल्फी खिचेर
हे आउ नाचौ पातली झमझमी रुझेर
पानी पर्यो असिना झर्यो दाईको रुमाल भाउजुलाई मनपर्यो
पानी पर्यो असिना झर्यो दाईको रुमाल भाउजुलाई मनपर्यो
पानी पर्यो असिना झर्यो दाईको रुमाल भाउजुलाई मनपर्यो
पानी पर्यो असिना झर्यो दाईको रुमाल भाउजुलाई मनपर्यो
हेप्पी हेप्पी तिमी भयौ हेप्पी
हेप्पी हेप्पी म पनि हेप्पी
हेप्पी हेप्पी तिमी भयौ हेप्पी
हेप्पी हेप्पी म पनि हेप्पी
हेप्पी हेप्पी तिमी भयौ हेप्पी
हेप्पी हेप्पी म पनि हेप्पी
हेप्पी हेप्पी तिमी भयौ हेप्पी
हेप्पी हेप्पी म पनि हेप्पी
पानी पर्यो असिना झर्यो दाईको रुमाल भाउजुलाई मनपर्यो
पानी पर्यो असिना झर्यो दाईको रुमाल भाउजुलाई मनपर्यो
",अल्मोडा राना उप्रेती,"पानी पर्यो असीना झर्यो
",2017,कार्टून क्रयूज़ 
35,"हो निर…. हो निर …..
निर जैले रिसाउनी, निर जैले रिसाउनी
निर कैले होला माया संग माया मिसाउनी ?
निर जैले रिसाउनी, निर जैले रिसाउनी
निर कैले होला माया संग माया मिसाउनी ?
माया मिसाउनी …
मै हो फकाउनी, सधै मै हो फकाउनी
मै हो फकाउनी, सधै मै हो फकाउनी
आखुम ..
मै रिसाउदा माया पीरम कल्ले बचाउनी
निर जैले रिसाउनी, निर जैले रिसाउनी
निर कैले होला माया संग माया मिसाउनी ?
हे निर, जैले रिसाउनी, निर जैले रिसाउनी
निर कैले होला माया संग माया मिसाउनी ?
माया मिसाउनी…
निर सेती बगर, निर सेती बगर
निर मन परेको मायालुको माया नमार
निर सेती बगर, निर सेती बगर
निर मन परेको मायालु को माया नमार
निर माया नमार, निर माया नमार
माया नमार निर माया नमार
मनको भारी बोझ हुदा मै हु बिसाउनी
निर जैले रिसाउनी, निर जैले रिसाउनी
निर कैले होला माया संग माया मिसाउनी ?
ए निर जैले रिसाउनी, निर जैले रिसाउनी
निर कैले होला माया संग माया मिसाउनी ?
मै हो फकाउनी, सधै मै हो फकाउनी
मै हो फकाउनी, सधै मै हो फकाउनी
मै रिसाऊदा के पो होला माया पिरती
निर माया पिरती निर माया पिरती
निर चखेवाको जोडी जस्तै हाम्रो पिरती
निर जैले रिसाउनी, निर जैले रिसाउनी
निर कैले होला माया संग माया मिसाउनी ?
निर जैले रिसाउनी, निर जैले रिसाउनी
निर कैले होला माया संग माया मिसाउनी ?
हो निर ……हो निर …….हो निर ….. हो निर ….. हो निर …..
",काली प्रसाद बास्कोटा,जैले रिसाउनी निर जैले रिसाउनी,2017,पुरानो ढुंगा 
36,"घरिघरि टोलाउंछु, अनि हुन्छु झसंगै ….(अनि हुन्छु झसंगै)
घरिघरि टोलाउंछु, अनि हुन्छु झसंगै
यो माया भन्ने चिज त रैछ अचम्मै…..
माया माया माया माया माया माया माया माया माया हो…..
माया माया माया माया माया माया माया माया माया हो…….
माया माया माया माया माया माया माया माया माया हो……
माया माया माया माया माया माया माया माया माया हो…….
सधै सधै हिड्ने बाटो लाग्छ नयाँ नयाँ नयाँ …..
हो सधै सधै हिड्ने बाटो लाग्छ नयाँ नयाँ नयाँ …..
छातीभित्र सल्बलाउने चाल नयाँ नयाँ नयाँ ……
आशा नयाँ चाहना नयाँ मुस्कुराने बहाना नयाँ
आशा नयाँ चाहना नयाँ मुस्कुराने बहाना नयाँ,
सपना मिठो सजाउंछु, अनि हुन्छु म दंगै…….
हो सपना मिठो सजाउंछु, अनि हुन्छु म दंगै…..
यो माया भन्ने चिज त रैछ अचम्मै…..
माया माया माया माया माया माया माया माया माया हो…….
माया माया माया माया माया माया माया माया माया हो…….
माया माया माया माया माया माया माया माया माया हो…….
माया माया माया माया माया माया माया माया माया हो…….
घरिघरि टोलाउंछु, अनि हुन्छु झसंगै…..
घरिघरि टोलाउंछु, अनि हुन्छु झसंगै…..
यो माया भन्ने चिज त रैछ अचम्मै…..
माया माया माया माया माया माया माया माया माया हो…….
माया माया माया माया माया माया माया माया माया हो…….
माया माया माया माया माया माया माया माया माया हो…….
माया माया माया माया माया माया माया माया माया हो…….
यो माया भन्ने चिज………….
",अल्मोडा राना उप्रेती,माया माया माया ,2017,कार्टून क्रयूज़ 
37,,,,,
38,,,,,
39,"(येशूको छातीमा ढुकढुकिने येशूको आँखैमा बसिरहने) २
प्राणभन्दा प्यारो छ आफ्नो रगतले किनेको साइनो
माया यो क्रूसको कहिले नमेटिने

(मण्डली हामी हौँ ख्रीष्ट येशूको दुलही हामी हौँ ख्रीष्ट प्रभुको) २
सम्बन्ध गहिरिएको मन मुटु खिलिएको
प्रेमले उनको कहिले नटुटने यो

(ए नी ल है )२ भयौं भेला फेरी आज नी ल है
आए येशू हाम्रो माझ ...
(ए नी ल है )२ गायौं गीत प्रेमको आज नी ल है
दिलको राजा येशू राजा ...

(शरीर हामी हौं ख्रीष्ट येशूको, शिर हुनुहुन्छ वहाँ हाम्रो) २
आपसमा गाँसिएको जीवनले भरिएको
प्रभावले यसको संसारै ढाकिने भो
(हे नी ल है )२
",Adrian Dewan,येशूको छातीमा,,
40,"गाउँछ गीत नेपाली ज्योतिको पंख उचाली
गाउँछ गीत नेपाली ज्योतिको पंख उचाली
जय जय जय नेपाल सुन्दर शान्त बिशाल
सुन्दर शान्त बिशाल
गाउँछ गीत नेपाली ज्योतिको पंख उचाली
गाउँछ गीत नेपाली ज्योतिको पंख उचाली
जय जय जय नेपाल सुन्दर शान्त बिशाल
सुन्दर शान्त बिशाल
गण्डकी कोसी कर्णाली मेची र महाकाली
लेक र बेसी बिउझाउँछन लहर लाखौँ उचाली
हिमालचुली बोलाउँछ पहिलो झुल्का निकाली
सगरमाथा शिखरमा पुग्दछ पहिले नेपाली
सीताले सारा भिजाइन दक्षिण लंका भारत
भृकुटी तारा उदाइन उत्तर चीन तिब्बत
बुद्धले यहीँ पाएथे ज्ञानको पहिलो मुहान
शिवले यहीँ ल्याएथे सृस्टीको पहिलो बिहान
गाउँछ गीत नेपाली ज्योतिको पंख उचाली
गाउँछ गीत नेपाली ज्योतिको पंख उचाली
जय जय जय नेपाल सुन्दर शान्त बिशाल
सुन्दर शान्त बिशाल
पश्चिम किल्ला काँगडा पूर्वमा टिस्टा पुगेथ्यौँ
कुन शक्तिको सामुमा कहिले हामी झुकेथ्यौँ
हामीले हिमाल उठायौँ एसियाको माझमा
सभ्यता बास बसेथ्यो आएर यहीँ साँझमा
यही नेपाली माटोमा दिलको फूल रोपेर
यही पहाडी शिलामा प्रीतको गीत खोपेर
बाँचौला हामी नेपालमा चन्द्र र सुर्य ध्वोजा लिई
नाँचौला हामी हिमालमा ज्योतिको पंख उचाली
गाउँछ गीत नेपाली ज्योतिको पंख उचाली
गाउँछ गीत नेपाली ज्योतिको पंख उचाली
जय जय जय नेपाल सुन्दर शान्त बिशाल
सुन्दर शान्त बिशाल
गाउँछ गीत नेपाली ज्योतिको पंख उचाली
गाउँछ गीत नेपाली ज्योतिको पंख उचाली
जय जय जय नेपाल सुन्दर शान्त बिशाल
सुन्दर शान्त बिशाल
सुन्दर शान्त बिशाल
सुन्दर शान्त बिशाल
सुन्दर शान्त बिशाल
","USTAD GOVINDALAL, KUNTI MOKTAN, RAJU LAMA (MONGOLIAN HEARTS), ANANDA KARKI, MAMATA DIPBIM & TARA THAPA",गाउँछ गीत नेपाली,,
41,"
(लाइदिउला चोखो पियार )3
परान लाइदिउला चोखो पियार 
(लैजाउ घुमाउन मलाई ठमेल बजार ट्याउसि चढाउदै लाइदिउला चोखो पियार )2


(लैजाउला घुमाउन काठमाडौं सहर लाग्छ रहर तेइ लाउला चोखो पियार)2
लैजाउ घुमाउन मलाई ठमेल बजार ,ट्याउसि चढाउदै लाइदिउला चोखो पियार।
परान लाइदिउला चोखो पियार(सारै नै मिठो कुवाको पानी खोइ केले उखाउनी )2



(तिर्खामा लाग्यो पसिना छुट्याे तन केले बुझाउनि )2 
(ल्याइदिउला मिनरलको पानी हजुर हौ रानी हजुर लाइदिउला चोखो पियार)2
लैजाउ घुमाउन मलाई ठमेल बजार ट्याउसि चढाउदै लाइदिउला चोखो पियार


( बेलैमा पाक्यो रसिलो दाना भिरैमा क्यार्नु हो..)2
( कलिलो जोवन मुखै रसायो खाउ खाउ ले मर्नु भो..)2


(ल्याउला टिपेर तिम्लाइ भिरको अङ्गुर हौ भिरको अङ्गुर लाइदिउला चोखो पियार)2
लैजाउ घुमाउन मलाई ठमेल बजार ट्याउसि चढाउदै लाइदिउला चोखो पियार .. 
(हो परान लाइदिउला चोखो पियार )4
",,ठमेल बजार,,
42,"हे बरै...., हे बरै............
दशि धारा पो नरोए अामा-2
बाँचे पठाउम्ला  तस्बिरै खिचेर.. 
कस्तो लेख्योनि भाबीले,
कर्मलिला ठैमलाउ हजुर-2
....................................
हे बरै ......
बाबाले सोध्लानी खै छोरा भन्नलान्-2
रन जित्दैछन भन्दिए-3

अामाले सोध्लिननी खै छोरा भन्लिन् -2
रजहै खुल्यो भन्दिए -2 

दाजैले सोध्लान नि खै भार्इ भन्लान् -2
अंशै बढ्यो भन्दिए -2

भाउजुले सोध्लिननी खै देवर भन्लिन् -2
खसी काट भन्दिए-2

भाइले सोध्लाननी खै दाजै भन्लान् -2
घेरमा परे भन्दिए -2

दिदीले सोध्लिननी खै भार्इ भन्लिन् -2
माइति घटे भन्दिए -2

बैनीले सोध्लिननी खै दाजै भन्लिन् -2
चोली घट्यो भन्दिए -2

छोराले सोध्लाननी खै बाबा भन्लान् -2
टोपि झिक भन्दिए -2

छोरी ले सोध्लिननी खै बाबा भन्लिन -2
सुन चुराको दान दिए -2



प्रियाले सोध्लिननी खै स्वामी भन्लिन -2
बाटो फूक्यो भन्दिए -2

साथीले सोध्लाननी खै लाहुरे भन्लान -2
माया मार भन्दिए -2

बटाैलीको बजारमा, 
चार-पैसाको लाहा छैन -2
शिरको स्वामी स्वर्गे हुँदा, 
घरबस्नीलार्इ थाहा छैन  -2

शिसैकाट्योनी गोलीले,
रणामा परी मरेछन लाहुरै ।

बाबा रून्छन लाै बर्ष दिन, अामा जुगै भरिलाै हजुर ..।
बाबा रून्छन लाै बर्ष दिन, अामा जुगै भरिलाै हजुर ..।
",Jhalakman Gandarba Song,अामाले सोध्लिननी खै छोरा भन्लिन्,,
43,"(मर्ने कसैलाई रहर हुदैन )२
(तर नमरेको प्रहर हुदैन )२
भागेर जाऊँ कुन ठाऊँ जाऊँ
(मान्छे नमर्ने सहर हुदैन )२
मर्ने कसैलाई रहर हुदैन...

जीवन यहाँ चल्दैन उस्तै
(चल्दैन उस्तै...)२
जीवन यहाँ चल्दैन उस्तै
www.npsongs.com
बत्तिमा दियोमा बल्दैन उस्तै)२
(कस्तो खटन हो यो नियतीको )२
कुन निभ्छ कहिले ठहर हुदैन
जीवन यहाँ चल्दैन उस्तै
मर्ने कसैलाई रहर हुदैन
(तर नमरेको प्रहर हुदैन )२
(भागेर जाऊँ कुन ठाऊँ जाऊँ )२
(मान्छे नमर्ने सहर हुदैन )२
मर्ने कसैलाई रहर हुदैन...       
",Prem Pariyaar,मर्ने कसैलाई रहर हुदैन,,
44,"यी आँखामा तिमी छ्यौ
यो मनमा तिमी छयौ )२
(देखाउन पो त गार्‍हो )२
जीवनमा तिमी छयौ
(तिमी भएर मात्रै
जिन्दगीमा मजा छ )२
(बरु सासले दिन्छ धोका )२
तिमीले दिन्नौ थाह छ
यी आँखामा तिमी छ्यौ
यो मनमा तिमी छयौ...

भाग्य त छ कि छैन
तिमी त छयौ नि मेरो
कोहि हुन् कि नहुन् आफ्ना
(तिमी त हौ नि मेरो )२
भित्र मुटु छ कस्तो
copyright:www.npsongs.com
यस्मा बरु छ शंका
मायामा मेरो कहिल्यै
(नहोस् कतै आशांका )२
यी आँखामा तिमी छ्यौ
यो मनमा तिमी छयौ...

माया रम्दछु म
मायैले प्यास मेट्छु
टाढै भए नि तिमी
(बतास बनेर भेट्छु )२
तिमी संगै भयौ कि
सजिलो हुन्छ बाटो
देखे तिमीलाई दुखी
(रुन्छु म तिम्रो साटो )२
(यी आँखामा तिमी छ्यौ
यो मनमा तिमी छयौ...)२
(देखाउन पो त गार्‍हो )२
जीवनमा तिमी छयौ
(तिमी भएर मात्रै
जिन्दगीमा मजा छ )२
(बरु सासले दिन्छ धोका )२
तिमीले दिन्नौ थाह छ
यी आँखामा तिमी छ्यौ
यो मनमा तिमी छयौ...       

",Prem Pariyaar,यी आँखामा तिमी छ्यौ,,
45,"
(सुन साइली, साइली परदेशबाट म आउँला ।
सुन साइली, साइली चालीस कटेसी रमाउँला ।।)२

सुन साइली, साइली दियोमा तेलै हुरुरु ,
सम्झी कहिले नरुनु ।

सुन साइली, साइली परदेशबाट म आउँला ।
सुन साइली, साइली चालीस कटेसी रमाउँला ।। 

(सुन साइली, साइली निधारमा नाम्लो बरियो ।
भावीको खेलमा परियो ।)२

सुन साइली, साइली कुलोमा पानी कलल, 
गाउँघरको तस्बिर झलल ।

सुन साइली, साइली पिढीमा जाँतो घरर, 
झर्दो हो आँसु बरर ।

सुन साइली, साइली परदेशबाट म आउँला ।
सुन साइली, साइली चालीस कटेसी रमाउँला ।।

चालीस कटेसी रमाउँला ।
चालीस कटेसी रमाउँला ।।
",Hemant Rana,साइली,,
46,"मलाई सोध्दै आज कोहि आयो आएन
मलाई सोध्दै आज कोहि आयो आएन
सोधे घरलाई घरले केहि भन्नैसकेन

मलाई सोध्दै आज कोहि आयो आएन
मलाई सोध्दै आज कोहि आयो आएन

संसारमा कुनै मान्छे आफ्नो भए हुन्थ्यो
एउटा चिठ्ठी कोहि आइ छाडी राखे हुन्थ्यो
संसारमा कुनै मान्छे आफ्नो भए हुन्थ्यो
एउटा चिठ्ठी कोहि आइ छाडी राखे हुन्थ्यो

दैलो मुनिबाट केहि पस्यो पसेन
दैलो मुनिबाट केहि पस्यो पसेन

सोधे घरलाई.. घरले केहि भन्नैसकेन
मलाई सोध्दै आज कोहि आयो आएन

बाडौ भने कति खुशी भित्रै साचेको छु
घरबाहिर आफ्नो नाउँ लेखी टाँसेको छु
बाडौ भने कति खुशी भित्रै साचेको छु
घरबाहिर आफ्नो नाउँ लेखी टाँसेको छु

यहाँ कुनै डुल्ने आखाँ पर्यो परेन
यहाँ कुनै डुल्ने आखाँ पर्यो परेन

सोधे घरलाई.. घरले केहि भन्नैसकेन
मलाई सोध्दै आज कोहि आयो आएन

मलाई सोध्दै आज कोहि आयो आएन
मलाई सोध्दै आज कोहि आयो आएन

मलाई सोध्दै आज कोहि आयो आएन
मलाई सोध्दै आज कोहि आयो आएन

सोधे घरलाई.. घरले केहि भन्नैसकेन
मलाई सोध्दै आज कोहि आयो आएन

Ma sansar jitne - Sabin Rai
गीत    : म संसार जित्ने
गायक  : सबिन राई

म संसार जित्ने आँट गर्दै छु
मात्र तिमि मेरो साथ बसिदेउ

भबिष्य ले गाउने गीत म रच्दै छु
मात्र तिमि सुरमा ताल मिलाईदेउ
येही हो अर्थ रच्नुको
इतिहासमा अमर रहोस

तिम्रो र मेरो कहानी
सधै सधै 

जब हिड्दा हिड्दै थाक्छु म कहिले कहिँ 
त्येतिबेला मेरो आड बनिदेउ

जिन्दगी को मोड मा सोच्न सकिन भने
तिम्रो मिठो विचार मलाई देउ
येहि हो अर्थ भन्नुको

सपना ठुलो छैन
बिलम्ब गर्न नपरोस जिन्दगीमा

सुनौलो हाम्रो भविष्य साकार हुन्छ
मलाई भरोशा छ
म हरपल तिम्रो रक्षा गर्ने छु
मात्र तिमि आत्मबल बनि देउ

भबिष्य ले गाउने गीत म रच्दै छु
मात्र तिमि सुरमा ताल मिलैदेउ
येही हो अर्थ रच्नुको
इतिहासमा अमर रहोस

तिम्रो र मेरो कहानी
सधै सधै  

म संसार जित्ने आँट गर्दै छु
मात्र तिमि मेरो साथ बसिदेउ
",रविन शर्मा,मलाई सोध्दै,,
47,"
आओ यादहरु हो आओ...
म निदाएको छैन, कोल्टे फर्ेर्दै छु ।
सुकेको दिलमा.. आगो लाएर जाओ..
आओ यादहरु हो्.. आओ....

निरास छु म, सुस्केरा हाल्छु,
हो निरास छु म सुस्केरा हाल्छु
दुःख हो जीवन, दुःखैमा गाल्छु
आओ आँशुहरु हो आओ
आओ आँशुहरु हो.. आओ,
आँखा चिम्लेको छैन, जून हर्ेर्दैछु ।
सुकेको दिलमा.. आगो लाएर जाओ..
आओ यादहरु हो आओ....
",जगदीश समाल,आओ यादहरु,,
48,"सागर छ गहभित्र, चाहे म रोईदिन्छु
सागर छ गहभित्र, चाहे म रोईदिन्छु,
आँधी छ छातीभित्र खोजे म बल्भिईदिन्छु...
सागर छ गहभित्र....
 
आशा हृदय होइन, मैले बोकी हिँडेको
आशा हृदय होइन, मैले बोकी हिँडेको
सुम्पेको छु तिमीलाई, म आफू सँग भएको,
अधरको हाँसो निचोरी, तिमीलाई दिईसकेछु
आँधी छ छातीभित्र, चाहे म बल्भिइदिन्छु
सागर छ गहभित्र'।

लाग्छ हेर्राईमा तिमरो, के-के नपुगे जस्तो
लाग्छ हेर्राईमा तिमरो, के-के नपुगे जस्तो
मुटु दिएर तिमीलाई केही दिईन मैले जस्तो.
म भित्र पसेर हेर, म त खाली-खाली भएछु
आँधी छ छातीभित्र, चाहे म बल्भिइदिन्छु
सागर छ गहभित्र....।
",भक्तराज आचार्य,सागर छ गहभित्र,,
49,"
बल गरेर त्यो मन यता मोड भन्दिन म,
माया गर्र्छौ थाहा छ मलाई, छोड भन्दिन म
बल गरेर त्यो मन यता मोड भन्दिन म,
माया गर्र्छौ थाहा छ मलाई, छोड भन्दिन म
तर,.... खुशी अन्तै मिल्छ भने तिमीलाई धेरै
खुशी अन्तै मिल्छ भने तिमीलाई धेरै..
मैसँग नाता जोड भन्दिन म...
मैसँग नाता जोड भन्दिन म...
मत.. माया गर्छर्ुुतिमीलाई
मत... माया गर्छर्ुुतमीलाई ।

म मात्रै कहाँ होर तिम्लाई माया गर्ने,
म मात्रै कहाँ होर तिम्लाई माया गर्ने,
तिम्ले आफ्ना आफन्तलाई होला सोध्नु पर्ने
रितै हो जन्मघर छोड्ने, के गर्र्छौ खै तिमी...
जन्मघरसँगको नाता तोड भन्दिन म
पर्राईको पछ्यौरी त्यो ओड भन्दिन म
तर... खुशी अन्तै मिल्छ भने तिमीलाई धेरै
मैसँग नाता जोड भन्दिन म
मत... माया गर्छर्ुुतमीलाई ।

बाटो सबै सजिलो त कहाँ हुन्छ हिँड्न
बाटो सबै सजिलो त कहाँ हुन्छ हिँड्न
मन पर्राई एउटालाई, यात्रा नहोस् भिन्न
गाह्रो हुन्छ कहिलेकाहीँ साँचो माया चिन्न
त्रि्रो माया टुक्रा पारी फोड भन्दिन म
फल नदिने बृक्षलाई गोड भन्दिन म
तर.. खुशी अन्तै मिल्छ भने तिमीलाई धेरै
मैसँग नाता जोड भन्दिन म
मत.. माया गर्छर्ुुतमीलाई

बल गरेर त्यो मन यता मोड भन्दिन म
माया गर्र्छौ थाहा छ मलाई, छोड भन्दिन म
तर,.... खुशी अन्तै मिल्छ भने तिमीलाई धेरै
खुशी अन्तै मिल्छ भने तिमीलाई धेरै...
मैसँग नाता जोड भन्दिन म...
मैसँग नाता जोड भन्दिन म...
मत.. माया गर्छर्ुुतिमीलाई
मत... माया गर्छर्ुुतमीलाई ।
",Swaroop Raj Acharya,बल गरेर त्यो मन यता,,
50,"मेरो साधनाको बरदान हो गीत
यिनै सात सूर हुन् मेरा आफ्ना मीत ।
मेरा आफ्ना मीत...
मेरो साधनाको बरदान हो गीत....
आरोह-अवरोह, गति यो जीवनको  
आरोह-अवरोह, गति यो जीवनको
छ यो मर्ुछनामा सुख सब लुकेको
सुख सब लुकेको....
मेरो साधनाको बरदान हो गीत

अलंकार मेरा, सरगमका टुक्रा
ग-म-प-नि-सा, नि-सा-नि-ध-प
ध-प-म-प-म-ग, म-ग-रे-ग-रे-सा
नि-सा-ग-म-प, नि-सा-ग-म-प
अलंकार मेरा, सरगमका टुक्रा
अचल षडज पञ्चम नै, सौभाग्य मेरो
सौभाग्य मेरो...
मेरो साधनाको बरदान हो गीत

अँध्यारो-उज्यालो, मेरै भाव नर्तन
अँध्यारो-उज्यालो, मेरै भाव नर्तन
हाँसो र रोदन, मेरै गीत गुञ्जन...
मेरै गीत गुञ्जन...
मेरो साधनाको बरदान हो गीत
यिनै सात सूर हुन् मेरा आफ्ना मीत ।
मेरा आफ्ना मीत...
मेरो साधनाको बरदान हो गीत....

",भक्तराज आचार्य,मेरो साधनाको बरदान,,
51,"केटा:
सपना ओइ होइ होइ
सपना ओइ होइ होइ
सपना सपना सपना सपना हाई
केटी:
को हो मलाई नचिन्ने आज मेरो ठाउँमा
पहिलो चोटी आयौ कि भन्देउ मेरो गाउँमा
लोभिएर नहेर भित्र भित्रै गम्केर अल्लारे
त्यो कलिलो उमेरैले….मलाई चल्दैन
त्यो कलिलो उमेरैले….मलाई चल्दैन
केटा:
निकै राम्री रैछौ नि, कहाँ बाट आइछौ नि ?
निकै राम्री रैछौ नि, कहाँबाट आइछौ नि सपना
मन मेरो चन्चले भो…तिमीलाई देखेर
मन मेरो चन्चले भो…तिमीलाई देखेर
छोड न अरु कुरा, भन्छु म केही कुरा
मायाले भरिएका मिठा रसिला कुरा
तिमीलाई सुटुक्कै, तिमीलाई सुटुक्कै
केटी:
सुन्दिन केही कुरा, भन्दिन केही कुरा
सुनाऊ अरु कसैलाई, मिठा मिठा ती कुरा
देखेर मलाई, नहुनु भुतुक्कै
केटा:
मनको कुरा बुझ न, ढुकढुकी यो सुन न
मनको कुरा बुझ न, ढुकढुकी यो सुन न मायालु
जिन्दगानी रमाइलो बन्छ, मायाले बेर न
जिन्दगानी रमाइलो बन्छ, मायाले बेर न
केटी:
साथी बनेर सबै, जाती बनेर सबै
संगै जुनीजुनी बाच्छु मर्छु भनी नजर लाउँछन् नि
यो मेरो बैंसलाई
केटा:
रुपैकी रानी तिमी, माया की खानी तिमी
नसालु त्यो जवानी, भयो मन पानी पानी
मायामा डुब्न देउ, भन्दिन कसैलाई
केटी:
एक नम्बरको पाखे छौ, तर रैछौ ट्रक ड्राइभर
एक नम्बरको पाखे छौ, तर रैछौ ट्रक ड्राइभर अल्लारे
अचेलका ठिटाको, लाग्दैन केही भर
अचेलका ठिटाको, लाग्दैन केही भर
केटा:
भित्रभित्रै लोभिन्छौ, बाहिर आँखैले तर्छौ
हे भित्रभित्रै लोभिन्छौ, बाहिर आँखैले तर्छौ बसन्ती
ढलि जाने जोबन तिम्रो, साँचेर के गर्छौ
केटी:
त्यो कलिलो उमेरैले…मलाई चल्दैन
केटा:
मन मेरो चन्चले भो…तिमीलाई देखेर
केटी:
त्यो कलिलो उमेरैले…मलाई चल्दैन
",,मन मेरो चन्चले,,
52,"
तिमी बाहेक अरुको हुने छैन म 
तिमी बाहेक अरुलाई छुने छैन म 
तिमी मै हराउछु म 
तिम्लाई मन पराउछु म 
हा हा हा हा हा ........ 
फेरिएला बाटो फेरिएला समय 
मनमा तिम्रो माया फेरिनेछैन 
देखाउलान कतिले लोभहरु 
देखाउलान कतिले डरहरु 
तर पनि अरुलाई हेरिने छैन 
हा हा हा ....... 
भए पनि सॅगै नभए पनि सॅगै 
तिम्रै यादमा म बाॅचेको हुन्छु 
आउनेछैन कोहि जीवनमा 
पाउनेठैन ठाउॅ यो मुटुमा 
तिम्रै लागि खुसीहरु साॅचेको हुन्छु 
हा हा हा ...........     ",Phiroj Basnet,तिमी बाहेक अरुको,,
53,"श्रद्धाको फूल चढाई दिनु आएर लाशमा 
नपाएको फूल भैगयौ तिमी रोइ दिनु आशमा 
सम्झन्छु म तिमीले छोएको कमल हातले 
संगाली राख माया यो मेरो नहान लातले 
दिनेछ सबै गुहाई हाम्रो जुनेली रातले 
नपाएको फूल भै गयौ तिमी रोइ दिनु आशमा 
मरेर के भो देह यो मेरो आत्मा त मर्दैन 
पिरती चोखो लाएको भए बन्धन पर्दैन 
प्रकृति फूल ओइली झर्छ दिलको झर्दैन 
नपाएको फूल भै गयौ तिमी रोइ दिनु आशमा 
श्रद्धाको फूल चढाई दिनु आएर लाशमा
",Narayan Gopal,श्रद्धाको फूल,,
54,"
चिसो चिसो हावामा, त्येसै मन बरालिन्छ 
के भो आँधि रातमा,यो मन तिमिलाई नै खोज्दछ 
चिसो चिसो हावामा, त्येसै मन बरालिन्छ 

(उकालीको दोबाटो, पाइला तिम्रैतिर लम्कन्छ)२ 
(झ्यालबाट हेरेको)२ झझल्को आँउदछ 
के भो आँधि रातमा,यो मन तिमिलाई नै खोज्दछ 
चिसो चिसो हावामा, त्येसै मन बरालिन्छ 

(लुकीचोरी खोलेको,देउरालीमा पाखामा)२ 
(डाँडामा बसी कुरेको)२ झझल्को आँउदछ 
के भो आँधि रातमा,यो मन तिमिलाई नै खोज्दछ 
(चिसो चिसो हावामा, त्येसै मन बरालिन्छ)२
",Dany Denzongpa,Chiso chiso hawama,,
55,"पिडा बिछोडको साथ लिएर
सक्दिन म अब यसरी जिउन
गीत बिछोडको गुनगुनाएर
सक्दिन म अब यसरी हिड्न
टाढियौ तिमी म बाट किन
सुन्यतामा कहाँ कहाँ
टाढियौ तिमी मदेखी किन
सुन्यतामा कहाँ कहाँ
आँखा मेरो थाकी सके
गोडा हातहरु काँपी सके-२

कल्पनामा छाउछौ बल्झाइदिई यादलाई-२
बिलाउछु म कहिँ कतै बादलसंगै
आगो मनमा लगाइदिने
बिर्सि मलाइ सताइ जाने

पीडा बिछोडको••••
••••कहाँ कहाँ
सम्झना रहे केवल तीता मीठा सपना-२
हराउँछु म कहिँ कतै आकाश बिचमा
आँखा मेरो••••
••••काँपिसके
पीडा बिछोडको••••
••••कहाँ कहाँ
", Nepali - Vibez,"थाकी सके
",,
56,"म रोए पनि तिमी हाँसिदिनु
म रोए पनि तिमी हाँसिदिनु
यो झरी जाने जिन्दगी देखि पन्छिदिनु
म रोए पनि तिमी हाँसिदिनु
कहिलेकाही ति मिलनका यादहरु आए भने
सपना सम्झी त्यसलाई विसर्िदिनु
कहिलेकाही ति मिलनका यादहरु आए भने
सपना सम्झी त्यसलाई विसर्िदिनु
म त यस्तै नै भए
यसै सस्तो नै भए
तिमी मुल्यवान बनिदिनु
म त यस्तै नै भए
यसै सस्तो नै भए
तिमी मुल्यवान बनिदिनु
म रोए पनि तिमी हाँसिदिनु
कतै ति बेहोसीएका पलहरु बल्झिन्छ भने
खेल नै सम्झी हाँसेर टारिदिनु
कतै ति बेहोसीएका पलहरु बल्झिन्छ भने
खेल नै सम्झी हाँसेर टारिदिनु
सन्जोग हाम्रो विझाउने भुल भए
त्यसमा न गहिरिदिनु
सन्जोग हाम्रो विझाउने भुल भए
त्यसमा न गहिरिदिनु
म रोए पनि तिमी हाँसिदिनु
यो झरी जाने जिन्दगी देखि पन्छिदिनु
म रोए पनि तिमी हाँसिदिनु
",अरुण थापा,म रोए पनि,,
57,"मन्दिरमा छ कि मुर्तिमा माया
मन्दिरमा छ कि मुर्तिमा माया
पत्थरमा छ कि धुलोमा माया
कोही त देखाऊ कोही त बताऊ
खै कहाँ छ कहाँ
कहाँ छ माया
खै कहाँ छ कहाँ
कहाँ छ माया
मन्दिरमा छ कि मुर्तिमा माया

एक अन्जुली मायाको लािग
पलपल हृदय चर्कन्छ
एक अन्जुली मायाको लािग
पलपल हृदय चर्कन्छ
साउन र भदौ बनेर आँखा
साउन र भदौ बनेर आँखा
बर्षौ बर्ष बस्रन्छ
बर्षौ बर्ष बस्रन्छ

हाँसोमा छ कि आँशुमा माया
फुलमा छ कि काँडामा माया
कोही त देखाऊ कोही त बताऊ
खै कहाँ छ कहाँ
कहाँ छ माया
खै कहाँ छ कहाँ
कहाँ छ माया
मन्दिरमा छ कि मुर्तिमा माया

एउटी आमा जिउँदै जल्छे
छोराको मायाममतामा
एउटी आमा जिउँदै जल्छे
छोराको मायाममतामा
एउटा छोरो मरेर बाँच्छ
एउटा छोरो मरेर बाँच्छ
आमाको सपना विपनामा
आमाको सपना विपनामा
रगतमा छ कि नातामा माया
विस्वासमा छ कि बाचामा माया
कोही त देखाऊ कोही त बताऊ
खै कहाँ छ कहाँ
कहाँ छ माया
खै कहाँ छ कहाँ
कहाँ छ माया
मन्दिरमा छ कि मुर्तिमा माया
",Narayan Gopal,मन्दिरमा छ कि मुर्तिमा माया,,
58,"(गाजलु टीका लाई देउ तिमी
म आउने बाटो कुरि बसिदेउ तिमी
साथी सङी सङ छली लुकेर आउनु
मन मा भयेका कुरा सबै मलाई सुनाउनु
लाज ले जवानी खोला झै न फर्किएला
गाजलु टीका लाई देउ तिमी
म आउने बाटो कुरि बसिदेउ तिमी
लुकेर मात्रै हेरि मन बुझाउने ठाउ हुन्न्न मायाको कुरा न गरे
लुकेर मात्रै हेरि मन बुझाउने ठाउ हुन्न्न मायाको कुरा न गरे
आफ्नो कुरा आफ्नै मन मा गाठो पारी राखिदिये
आँखै को भाखै बुझन बरु आउ मन को कुरा चाडै पोखाउ
तिम्रो मेरो बीच को दुरी मायाले घटाउ
चौबन्दी चोली लाईदेउ तिमी म आउने बाटो कुरी बसी देउ तिमी
मैले पनि सपनी मा न देखेको होईन
मुटु बीच तिमी न भये
मैले पनि सपनी मा न देखेको होईन
मुटु बीच तिमी न भये
यही ठाउ यही गाउ यही फुल दोबाटो को
मायाको साक्षी भये
बरु आउछु मन को कुरा तिमी लाई पोखाउछु
तिम्रो मेरो बीच को दुरी मायाले घटाउछु
कालो केश भरी लाली गुरासँ लाईदेउ तिमी
म आउने बाटो हेरी बसी देउ तिमी
साथी सङी सङ छली लुकेर आउनु
मन मा भयेका कुरा सबै मलाई सुनाउनु
लाजले जवानी खोला झै न फर्किएला
गाजलु टीका लाई देउ तिमी
म आउने बाटो कुरी बसी देउ तिमी…)
",Mongolian Hearts,गाजलु टीका,,
59,"जन्मेर कोखमा कसैको
हुर्कन्छ काखमा कसैको
भाग्यको लेखा कस्तो
भावीले के लेखिदियो
जन्मेर कोखमा कसैको
हुर्कन्छ काखमा कसैको
भाग्यको लेखा कस्तो
भावीले के लेखिदियो
जन्मेर कोखमा कसैको

कस्ले छोडेको कस्तो नासो हो
जिन्दगीको अनौठो नाता
को हो आफ्नो को हो विरानो
के होला यो रगतको नाता
के होला यो रगतको नाता
जन्मेर कोखमा कसैको
हुर्कन्छ काखमा कसैको
भाग्यको लेखा कस्तो
भावीले के लेखिदियो
जन्मेर कोखमा कसैको

खोजी हिँड्दछ आमाको न्यानो काख
मायालु छहारी कसैको
भाग्य सबैलाई कहाँ पुग्छ र
संसारमा विधिले लेखेको
संसारमा विधिले लेखेको
जन्मेर कोखमा कसैको
हुर्कन्छ काखमा कसैको
भाग्यको लेखा कस्तो
भावीले के लेखिदियो
जन्मेर कोखमा कसैको

कस्तो पिर यो समयले दिएको
भुलाईदेला समयले एकदिन
भुलेको सपना झस्काउँला कुनैदिन
भरिएला त्यो घाउ एकदिन
भरिएला त्यो घाउ एकदिन
जन्मेर कोखमा कसैको
हुर्कन्छ काखमा कसैको
भाग्यको लेखा कस्तो
भावीले के लेखिदियो
जन्मेर कोखमा कसैको
",Narayan Gopal,जन्मेर कोखमा,,
60,"तिमीलाई म भुल्न सक्दिन
जहाँ जाउँ तिम्रो याद आईरहन्छ
यो खोला, यो नाला, यो पहाड-भन्ज्याङ्गले मलाई बोलाइरहन्छ
तिमीलाई म भुल्न सक्दिन
जहाँ जाउँ तिम्रो याद आईरहन्छ
यो खोला, यो नाला, यो पहाड-भन्ज्याङ्गले मलाई बोलाइरहन्छ

मेरो नेपाल मेरो नेपाल मेरो नेपाल
मेरो देश मलाई लाग्छ प्यारो
मेरो देश मलाई लाग्छ प्यारो

डाँडाकाँडा हरियाली यहाँ आँगनै भिर
लालिगुराँस, चाँप, चमेली फुल्छ थरीथरी
खोला, नाला, झरनाको मिठो सुसेली
आईरहन्छ यो मनमा झलझली
आईरहन्छ यो मनमा झलझली

मेरो नेपाल मेरो नेपाल मेरो नेपाल
मेरो देश मलाई लाग्छ प्यारो
मेरो देश मलाई लाग्छ प्यारो

सगरमाथा शिर बनी यहाँ उभिएको छ
करौडौँ मुटुमाझ तिमी सजिएको छ
विर, माहात्मा, बुद्ध जन्मिएको देश
मलाई प्यारो प्यारो लाग्छ आफ्नै स्वदेश
मलाई प्यारा लाग्छ आफ्नै स्वदेश
मेरो नेपाल मेरो नेपाल मेरो नेपाल
मेरो देश मलाई लाग्छ प्यारो
मेरो देश मलाई लाग्छ प्यारो

तिमीलाई म भुल्न सक्दिन
जहाँ जाउँ तिम्रो याद आईरहन्छ
यो खोला, यो नाला, यो पहाड-भन्ज्याङ्गले मलाई बोलाइरहन्छ

मेरो नेपाल मेरो नेपाल मेरो नेपाल
मेरो देश मलाई लाग्छ प्यारो
मेरो देश मलाई लाग्छ प्यारो
मेरो देश मलाई लाग्छ प्यारो”
",Mongolian Hearts,मेरो नेपाल,,
61,"लेखमा गुराँसै फुल्यो नी
आँखा मा तिमी नै बस्यो नि
लेखमा गुराँसै फुल्यो नी
आँखा मा तिमी नै बस्यो नि
उस्तै उस्तै के रोग लाग्यो नी तिमी रुदा मन जल्ने हो
मेरा सबै सपना तिमी लाई आफ्नो भन्ने
उस्तै उस्तै के रोग लाग्यो नी तिमी रुदा मन जल्ने हो
मेरा सबै सपना तिमी लाई आफ्नो भन्ने
लेखमा गुराँसै फुल्यो नी आँखा मा तिमी नै बस्यो नी
फुलेछ फुल हरु माला उनेर राखि देउ
साथी सङी आई अब जिस्काउन मलाई छाडीदेउ
मेरो मन को गहराई मा तिमी छौ अडेको
साथी सङी आई अब जिस्काउन मलाई छाडीदेउ
मेरो मन को गहराई मा तिमी छौ अडेको
सधै सधै आई रहन्छ तिम्रै झझल्को
लेखमा गुराँसै फुल्यो नि आँखा मा तिमी नै बस्यो नि
नौलाखे तारा सरी उज्यालो मन मा छरीदेउ
तिमी टाढा भये पनि मुटु मा मलाई राखिदेउ
नौलाखे तारा सरी उज्यालो मन मा छरीदेउ
तिमी टाढा भये पनि मुटु मा मलाई राखिदेउ
बरु आउछु मनको कुरा तिमीलाई पोखाउछु
तिम्रो मेरो बीच को दुरी मायाले घटाउछु
उस्तै उस्तै के रोग लाग्यो नी
तिमी रुदा मन जल्ने हो
मेरा सबै सपना
तिमी लाई नै आफ्नो भन्ने
लेखमा गुराँसै फुल्यो नी आँखा मा तिमी नै बस्यो नी

",Mongolian Hearts,लेखमा गुराँसै फुल्यो,,
62,"मान्छेको माया यहाँ
खोलाको पानी जस्तो
किनारालाई छोई भाग्ने
लहरेको बानी जस्तो

मान्छेको माया यहाँ
आँखाको नानी जस्तो
यो रात फकाई आउने
सुन्दर विहानी जस्तो
माया त जोवनको आवेश मात्र नै हो
तिर्खाको अर्को राम्रो एक भेष मात्र नै हो
एक भेष मात्र नै हो
तिम्रो हेराईमा केबल आँखा छ मुटु छैन
तिम्रो बोलाईमा स्वर छ ढुकढकी केही छैन
मान्छेको माया यहाँ
खोलाको पानी जस्तो
किनारालाई छोई भाग्ने
लहरेको बानी जस्तो

मायाको विशालता यो आकाश धर्ती नै हो
माया त साँच्ची सुन्दर आत्माको मुर्ति नै हो
सुन्दर आत्माको मुर्ति नै हो
तिमी पानीलाई आकार दिने कोशिस नगर
तिमी हावालाई सद्भाव दिने कोशिस नगर
मान्छेको माया यहाँ आँखाको नानी जस्तो
मान्छेको माया यहाँ खोलाको पानी जस्तो
यो रात फकाई आउने सुन्दर विहानी जस्तो
किनारालाई छोई भाग्ने लहरेको बानी जस्तो



",Narayan Gopal,मान्छेको माया यहाँ,,
63, झरेको पात झैँ भयो उजाड मेरो जिन्दगी निभेको दिप झैँ भयो उदास मेरो जिन्दगी झरेको पात झैँ भयो उजाड मेरो जिन्दगी चुरा फुटेसरी भयो चराहरु उडीगए चुरा फुटेसरी भयो चराहरु उडीगए हजार कोपिलाहरु नमुस्कुराउँदै झरे उठेको बस्ती झैँ भयो प्रवास मेरो जिन्दगी विहान जो खुशी थियो जलेर साँझ भैसक्यो विहान जो खुशी थियो जलेर साँझ भैसक्यो भिजेको पात पातमा निशादको कथा थियो अधेँरी रात झैँ भयो विषाद मेरो जिन्दगी जलिरहेछ लास भित्र भित्र कहिँ छातीमा जलिरहेछ लास भित्र भित्र कहिँ छातीमा टुटेफुटेका स्वप्न झैँ अँगारमात्र छातीमा जिवन बजर सरी भयो उराठ मेरो जिन्दगी निभेको दिप झैँ भयो उदास मेरो जिन्दगी झरेको पात झैँ भयो उजाड मेरो जिन्दगी,Narayan Gopal,झरेको पात झैँ,,
64,"वैंश छदा धेरै सङ माया लाईन्छ
वैंश छदा धेरै सङ माया लाईन्छ
धेरै धेरै कसम पनि खाईन्छ कति को दिल पनि तोडिन्छ
अंत मा एउटी सङ लगन जोडिन्छ
अंत मा एउटी सङ लगन जोडिन्छ।
प्रीती लाउने रिती यहाँ कस्तो कस्तो छ
माया लाउनु भन्नु पनि धेरै सस्तो छ
प्रीती लाउने रिती यहाँ कस्तो कस्तो छ
माया लाउने भन्ने पनि धेरै सस्तो छ
यता मिलन उता बिछोड हुन्छ
एउटी हाँस्छ अर्को चाहि रुन्छ
एउटी हाँस्छ अर्को चाहि रुन्छ
वैंश छदा धेरै सङ माया लाईन्छ
मेरो पनि एउटी सङ लगन जुडछ होला
मेरो मन को सुख दुख मिली बाडछ होला
मेरो पनि एउटी सङ लगन जुडछ होला
मेरो मन को सुख दुख मिली बाडछ होला
जिवनसाथी रोज्न साह्रो छ साथ दिन्छु भन्नु पनि धेरै गाह्रो छ
साथ दिन्छु भन्नु पनि धेरै गाह्रो छ
वैंश छदा धेरै सङ माया लाईन्छ
वैंश छदा धेरै सङ माया लाईन्छ
धेरै धेरै कसम पनि खाईन्छ कति को दिल पनि तोडिन्छ
अंत मा एउटी सङ लगन जोडिन्छ
अंत मा एउटी सङ लगन जोडिन्छ…
",Mongolian Hearts,वैंश छदा,,
65,"टाढा धेरै टाढा उडेका रंगीन चरा
धर्तिमा कहिले फिर्लान्
आकाशको कालो मैलो हटि
घाम जुन कहिले खुल्लान्
टाढा धेरै टाढा उडेका रंगीन चरा
धर्तिमा कहिले फिर्लान्

संघारमा कमजोर आमाको छाया
हुरी चलेको आवेगमा
संघारमा कमजोर आमाको छाया
हुरी चलेको आवेगमा
यस्तो लाग्छ यो घरसंसार
जलिरहेछ संवेगमा
आज हामी माझ बल्झेका पिर सारा
विलाई कहिले झर्लान्
ओठमा चन्द्र सुर्य चम्के सरी
मुस्कान कहिले भर्लान्
मुस्कान कहिले भर्लान्

यात्रामा बाटो पहिल्याउँदै यात्रि
एकदिन पुग्छन् मुलबाटोमा
यात्रामा बाटो पहिल्याउँदै यात्रि
एकदिन पुग्छन् मुलबाटोमा
घरलाई पिर्ने बाधा अड्चन
मन्छाई दिउँला दोबाटोमा
गाढा धेरै गाढा युगौँको भाइचारा
तोडेर तोडिन्न एकदम
पहाडमा मधेश धुन अनेक
नाचौँ न मिलेर छमछम
नाचौँ न मिलेर छमछम
नाचौँ न मिलेर छमछम
नाचौँ न मिलेर छमछम
नाचौँ न मिलेर छमछम
नाचौँ न मिलेर छमछम
नाचौँ न मिलेर छमछम
",Nepathya,रंगीन चरा,,
66,"बस सुन्दरी ठन्डी महिना जाडो छ।
हे रातो नि गाला च्याउरी परेछ।

बस सुन्दरी ठन्डि महिना जाडो छ।
हे रातो नि गाला च्याउरी परेछ।

हो सोल्टिनिको त्यो रातो गालैमा
लान्छु तिमिलाई यो आउने सालैमा
हातैमा सुनको चुरा अनि औँठि लगाइदिउँला
मखमलि चोलि अनि सिरबन्दि सिरमा सजाईदिउँला

हेर सुन्दरी लगन तिम्रो आको छ
ल है त्यो मन पक्कै आँटे जस्तो छ

बस सुन्दरी ठन्डि महिना जाडो छ
हे रातो नि गाला च्याउरी परेछ

हो कति बस्छौ त्यो माइति गाउँवैमा हो
जाने भए ल्याउँछु जन्ति दैलैमा
डोलिमा चढाइ पछ्यौरिको घुम्टो ओढाइदिउँला
नौमति बाजा बजाइ डाँडा पाखा बेसि घन्काइदिउला

हेर सुन्दरी यो मन मेरो साँचो छ
तर यो ज्यानलाई तिम्रै खाँचो छ

बस सुन्दरी ठन्डि महिना जाडो छ।
हे रातो नि गाला च्याउरी परेछ।

हेर सुन्दरी लगन तिम्रो आको छ
ल है त्यो मन पक्कै आँटे जस्तो छ

हे रातो नि गाला च्याउरी परेछ।
ल है त्यो मन पक्कै आँटे जस्तो छ
तर यो ज्यानलाई तिम्रै खाँचो छ।
","
Bro Sis
",बस सुन्दरी,,
67,"पर्खी बसे आउला भनि
मेरो उठने पालो
मेरो उठने पालो

कुर्दा कुर्दै जिन्दगी नै
भै गएछ कालो..कालो
भै गएछ कालो
मेरो उठने पालो

वारि पारि अँध्यारो छ आँखा खोली हेर्दा
अँध्यारो नै देखिन्छ नि आँखा चिम्ली हेर्दा

वारि पारि अँध्यारो छ आँखा खोली हेर्दा
अँध्यारो नै देखिन्छ नि आँखा चिम्ली हेर्दा

आफ्नै छाँया आफै सँग भागी हिँड्न ठाल्यो
भागी हिँड्न ठाल्यो
आफ्नै माँया आफैलाई बोझ लाग्न ठाल्यो ठाल्यो
बोझ लाग्न ठाल्यो
बोझ लाग्न ठाल्यो

तातो हाँवा बहिदिन्छ मुटु पोल्ने गरी
निराशाको दियो बल्छ तिनै जल्ने गरी
तातो हाँवा बहिदिन्छ मुटु पोल्ने गरी
निराशाको दियो बल्छ तिनै जल्ने गरी

वर्षौ भयो चलेकै छ मन भित्र यो आँधी
मन भित्र यो आँधी
बाँध्यतामा बाँच्नु पर्यो चाहनालाई बाँधी बाँधी
चाहनालाई बाँधी
चाहनालाई बाँधी

पर्खि बसे आउला भनि
मेरो उठने पालो
मेरो उठने पालो
",Narayan Gopal,पर्खी बसे,,
68,"मिलन बिछोड
संयोग र परिस्थिति हो
सुरुवात जस्तै मिठो
सम्बन्धमा सँधै नहुने भो

बन्न सकिन तिम्रो अन्तिम माया
बनाउन सकिन मेरो अन्तिम माया
तिमीलाई मेरो जीवनमा

संकै छैन
माया निकै नै गहिरो
टाढिनै लेख्या रैछ
समय र बिबस्ता हो
सम्हाल्नु आँफैलाई
जीवन लामो हुने भो
तिम्रो उज्ज्वल भबिष्य
प्रार्थना मेरो हो

बन्न सकिन तिम्रो अन्तिम माया
बनाउन सकिन मेरो अन्तिम माया
तिमीलाई मेरो जीवनमा

इज्जत गर्ने छु सँधै
सम्झी रहनेछु तिमीलाई
",Aastha,अन्तिम माया,,
69,"झर्यो जिन्दगी फुट्यो जिन्दगी
छल्केर आँखामा बल्यो जिन्दगी
झर् यो जिन्दगी फुट्यो जिन्दगी
छल्केर आँखामा बल्यो जिन्दगी
झर्यो जिन्दगी फुट्यो जिन्दगी
काँडामा हाँसेको मिठो जिन्दगी
सपनीमा नाचेको झुटो जिन्दगी
काँडामा हाँसेको मिठो जिन्दगी
सपनीमा नाचेको झुटो जिन्दगी
गहराको दहमा डुब्यो जिन्दगी
झर्यो जिन्दगी फुट्यो जिन्दगी
पिरले भरेको खाली जिन्दगी
विरहीले रुवाएको प्यारो जिन्दगी
पिरले भरेको खाली जिन्दगी
विरहीले रुवाएको प्यारो जिन्दगी
आज आफ्नै छातीमा दुख्यो जिन्दगी
झर्यो जिन्दगी फुट्यो जिन्दगी
छल्केर आँखामा बल्यो जिन्दगी
झर्यो जिन्दगी फुट्यो जिन्दगी
",Narayan Gopal,झर्यो जिन्दगी,,
70,"जुनका किरणहरुले प्रेमपत्र लेख्दैछु म
फुलका कलीला पातमा खोजिदिनु है यसलाई
भोली सबेर तिमीले खोलिदिनु है यसलाई
जुनका किरणहरुले प्रेमपत्र लेख्दैछु म

धेरै भयो हजुरको केही खबर मिलेन
मेरो लागि मिर्मिरेमा लाली उशा खुलेन
ए हजुर
ए हजुर रिसायौ कि कसो
किन यसरी भुलेको
ति आँखामा मेरो तस्बिर भन छैन कि खुलेको
जुनका किरणहरुले प्रेमपत्र लेख्दैछु म

चिठ्ठी पठाउछु भन्थ्यौ चिठ्ठी पनि पठाइनौ
सपनामा भेट्छु भन्थ्यौ सपनामा पनि आईनौ
ए हजुर
ए हजुर म बाँच्न सक्दिन
तिम्रो चिठ्ठी नपाए
म बोल्ने छैन पक्कै भोली सपनामा नआए
जुनका किरणहरुले प्रेमपत्र लेख्दैछु म


आजभोलि किन हो तिमी 
सपनामा देखिन छाडेकी - 2
सँगै बसी गरेका कुर 
होकी खाली मलाई ढाटेकी - 2

सपनामा तिमीलाई देख्छु सधैंभरी 
जाने बेला भनीगयौ माया गरीगरी 
कती निद बितिसके तिमी भने आईनौ 
कुहिरोको घुम्टो खोली सरमले च्याईनौ 
आजभोलि ....................
.....................................

बालकको खेल्ने घर हाम्रो प्यार हैन 
जती जाउ तिमी पर बिर्सने म छैन 
शितलाई सुस्ताएझै फुल छातीमाथी 
तिमीलाई सम्झेको छु मैले मेरै साथी 
आजभोलि .........................
................................................
Posted by Madhusudan Dhakal at 7:29 AM No comments: 
Sunday, July 2, 2017
Yati Chadai Kasari Birsu - यती चाडै कसरी बिर्सु सिम्सिमे पानीले रुझेको - by Shiva Shankar
शब्द : किरण खरेल ; संगीत तथा स्वर : शिवशंकर

यती चाडै कसरी बिर्सु
सिम्सिमे पानीले रुझेको - 2
मोतिजस्तो पानीको थोपा
तिम्रो कालो केसमा तर्केको - 2 

सुनसान बाटो थियो सुनबुट्टे रात 
हिड्दहिड्दै छोइएथे सुकुमारी हात 
धड्कनले आपसमा गरेका झै कुरा 
झन्झनाइ बजे तिम्रा चिर्बिरे चुरा
यती चाडै कसरी बिर्सु सिम्सिमे पानीले रुझेको

बाटो हिंड्ने दुइजना एउटा थियो छाता 
जुलाफी ति तिम्रा गाला देखिएथे राता 
तिम्रो भने भिजेको थियो आधा जिउ सारा 
मैले भने पुछेको थिए पसिनाका धारा 
यती चाडै कसरी बिर्सु सिम्सिमे पानीले रुझेको 

कपालको पानी आई प्रिथ्बीमा छर्के 
कुन्नी किन भागेकी थियौ अलिकती तर्की 
दुई कदम पर तिम्रा पाउ रोकिएथे 
अचानक यो छातीमा सास छेकिएथे 
यती चाडै कसरी बिर्सु सिम्सिमे पानीले रुझेको  
","माणिकरत्न
",जुनका किरणहरुले प्रेमपत्र लेख्दैछु म,,
71,"परेलीमा लुकाई राख न।
अंगालो मा बाँधी राख।
जान न देउ रोक न रोक।
उड्न न देउ आकाश को चरी जस्तै मलाइ।
(chorus)बाँधेर राख तिम्रै मुटुमा,
यो त तिम्रै धड्कन हो।
साँचेर राख तिम्रै आँखामा,
यो त तिम्रै साहारा हो।…२
मन भित्र साँची राख न।
आँखा भित्र अल्झाई राख।
रम्न देउ न तिम्रै आँखा मा।
बास बस्न देउ तिम्रै हृदयको धुकधुकी मा।
परेलीमा लुकाई राख न।
अंगालो मा बाँधी राख।
जान न देउ रोक न रोक।
उड्न न देउ आकाश को चरी जस्तै मलाइ। 
",1974 AD,परेलीमा,,
72,"[ बिर्सेर मलाई टाढा भैदियौ
अब फर्की हेरी नदेऊ ] २
[ बिदाको दिन परेली भिजाई
झुठो कसम नरोइदेऊ ] २
[ भुलिदेउ अब म तिम्रो याद होइन
तोडिएको हृदय जोडी जाने होइन ] २
तिमीलाई आफ्नो सम्झी बोलाउने
सायद मेरो अधिकार नै छैन
बिर्सेर मलाई टाढा भैदियौ
अब फर्की हेरी नदेऊ
[ म तिम्रो बिछोडमा मरिजाने होइन
तिम्रो खुशीमा जली जाने होइन ] २
नयन का सारा आँसुलाई
तिमी आँसु न सम्झी बाची देऊ
बिर्सेर मलाई टाढा भैदियौ
अब फर्की हेरी नदेऊ
बिदाको दिन परेली भिजाई
झुठो कसम नरोइदेऊ ३
",Adrian Pradhan,"बिर्सेर मलाई टाढा भैदियौ
",,
73,"म संसार जित्ने आँट गर्दै छु
मात्र तिमि मेरो साथ बसिदेउ

भबिष्य ले गाउने गीत म रच्दै छु
मात्र तिमि सुरमा ताल मिलाईदेउ
येही हो अर्थ रच्नुको
इतिहासमा अमर रहोस

तिम्रो र मेरो कहानी
सधै सधै 

जब हिड्दा हिड्दै थाक्छु म कहिले कहिँ 
त्येतिबेला मेरो आड बनिदेउ

जिन्दगी को मोड मा सोच्न सकिन भने
तिम्रो मिठो विचार मलाई देउ
येहि हो अर्थ भन्नुको

सपना ठुलो छैन
बिलम्ब गर्न नपरोस जिन्दगीमा

सुनौलो हाम्रो भविष्य साकार हुन्छ
मलाई भरोशा छ
म हरपल तिम्रो रक्षा गर्ने छु
मात्र तिमि आत्मबल बनि देउ

भबिष्य ले गाउने गीत म रच्दै छु
मात्र तिमि सुरमा ताल मिलैदेउ
येही हो अर्थ रच्नुको
इतिहासमा अमर रहोस

तिम्रो र मेरो कहानी
सधै सधै  

म संसार जित्ने आँट गर्दै छु
मात्र तिमि मेरो साथ बसिदेउ

",सबिन राई, म संसार जित्ने,,
74,बिहानीको मिर्मिरेसङ्गै अाँखा मेरो खुल्यो सुनौलो घामको झुल्का स्व्यम्भुमा पर्यो कदम मेरो चाल्दा चाल्दै पुगे म पशुपति देखे सारा मनिसको विश्वासको अनुभुति स्वर्ग जस्तै पवित्र ठाँउ यो खुशीले भरिएको मुस्कान छ सबै मानिसमा हर्शनै अडिएको अा अा अाअा अा मेरो काठमाडौं अा अा अाअा अा मेरो काठमाडौं धरहरा वसन्तपुर रानीपाेखरी प्रकृतिले छरिएको देख्छु वरिपरि मठ मन्दिर पुराना कलाहरु अनेक छन् म म र पिरो अचार सबै मिठो भन्दछन चरीहरुको चिर्बिरसङ्गै बागमती बग्दछिन आफ्नै टोल आफ्नै बाटोले बोलाउछ्न ए नवीन अा अा अाअा अा मेरो काठमाडौं अा अा अाअा अा मेरो काठमाडौं बिहानीको मिर्मिरेसङ्गै अाँखा मेरो खुल्यो सुनौलो घामको झुल्का स्व्यम्भुमा पर्यो कदम मेरो चाल्दा चाल्दै पुगे म पशुपति देखे सारा मनिसको विश्वासको अनुभुति स्वर्ग जस्तै पवित्र ठाँउ यो खुशीले भरिएको मुस्कान छ सबै मानिसमा हर्शनै अडिएको अा अा अाअा अा मेरो काठमाडौं अा अा अाअा अा मेरो काठमाडौं ।,Nabin K Bhattarai,Mero Kathmandu,2015,Kathmandu
75,अाँखामा तिमिलाई पाउछु म धेरै धेरै अाँखामा तिमिलाई पाउछु म धेरै धेरै सपनीमा तिमिलाई पाउछु निन्द्रै भरी सपनीमा तिमिलाई पाउछु निन्द्रै भरी जलाई आफुलाई देखाउन म सक्दिन जलाई आफुलाई देखाउन म सक्दिन माया तिमिलाई गर्छु म धेरै धेरै माया तिमिलाई गर्छु म धेरै धेरै लिइ तिमिलाई हिड्ने छु म सधैं सधैं लिइ तिमिलाई हिड्ने छु म सधैं सधैं अंगालोमा तिमिलाई राख्नेछु म सधैं सधैं अंगालोमा तिमिलाई राख्नेछु म सधैं सधैं टुक्र्याइ आफुलाई जोड्न म सक्दिन टुक्र्याइ आफुलाई जोड्न म सक्दिन माया तिमिलाई गर्छु म धेरै धेरै माया तिमिलाई गर्छु म धेरै धेरै,Nabin K Bhattarai,Timi Malai,,Kathmandu
76,,Nabin K Bhattarai,,,
77,जिन्दगीमा कहिले छाया कहिले माया जिन्दगीमा मुहारमा कहिले हाशो कहिले आशु मुहारमा दिन र रात को माझमा साझ यो बसेको छ जिन्दगीमा कहिले छाया कहिले माया जिन्दगीमा प्रकृतिमा कहिले आन्धी कहिले शान्ति प्रकृतिमा जिबनमा कहिले तृष्णा कहिले प्राप्ति जिबनमा जन्म र मृत्युुको खेलमा श्वास यो अडेको छ जिन्दगीमा कहिले छाया कहिले माया जिन्दगीमा दिन र रात को माझमा साझ यो बसेको छ साझ यो बसेको छ जिन्दगीमा कहिले छाया कहिले माया जिन्दगीमा,Nabin K Bhattarai,Ye Jidagi,2009,Nakshyatra
78,मैले तिमीलाई चाहेर पनि तिम्रो नजिक म आउन सकिन सायद मेरो कमजोरी हो या मेरो बिवसता... मैले तिमीलाई चाहेर पनि तिम्रो नजिक म आउन सकिन सायद मेरो कमजोरी हो या मेरो बिवसता... जुन-तारा हेरेर कैयौं चिसा रात बिताए तिमी आउने बाटो हेरेर कैयौं ऋतु डुबि सके मैले तिमीलाई चाहेर पनि तिम्रो नजिक आउन सकिन सायद मेरो कमजोरी हो या मेरो बिवसता... मैले तिमीलाई चाहेर पनि तिम्रो नजिक म आउन सकिन सायद मेरो कमजोरी हो या मेरो बिवसता... लाग्छ मलाई मेरो भाग्यमा तिम्रो प्रतिक्षा नै थियो गोधुँलीको साँझमा पनि सङ्ग-सङ्गै हिंड्ने साथी भएन मैले तिमीलाई चाहेर पनि तिम्रो नजिक आउन सकिन सायद मेरो कमजोरी हो या मेरो बिवसता... मैले तिमीलाई चाहेर पनि तिम्रो नजिक म आउन सकिन सायद मेरो कमजोरी हो या मेरो बिवसता...,Nabin K Bhattarai,Timilai Chahera Pani,2009,Nakshyatra
79,मनमै कुरा राखी हल्ला नगर कुरा काट्ने धेरै हुन्छन् सल्ला नगर मनमै कुरा राखी हल्ला नगर कुरा काट्ने धेरै हुन्छन् सल्ला नगर पाइला आफै चाल सम्झ तिमी बाटो अाफै रोज सोच तिमी मनमै कुरा राखी हल्ला नगर कुरा काट्ने धेरै हुन्छन् सल्ला नगर भावनालाई छोपी राखी हल्ला नगर ईर्स्यालु धेरै हुन्छन् सल्ला नगर भावनालाई छोपी राखी हल्ला नगर ईर्स्यालु धेरै हुन्छन् सल्ला नगर जल्ने धेरै हुन्छ्न बुझ तिमी बाधा अनेक बन्छ्न भुल तिमी मनमै कुरा राखी हल्ला नगर कुरा काट्ने धेरै हुन्छन् सल्ला नगर पाइला आफै चाल सम्झ तिमी बाटो अाफै रोज सोच तिमी मनमै कुरा राखी हल्ला नगर कुरा काट्ने धेरै हुन्छन् सल्ला नगर मनमै कुरा राखी हल्ला नगर कुरा काट्ने धेरै हुन्छन् सल्ला नगर पाइला आफै चाल सम्झ तिमी बाटो अाफै रोज सोच तिमी मनमै कुरा राखी हल्ला नगर कुरा काट्ने धेरै हुन्छन् सल्ला नगर,Nabin K Bhattarai,Halla Nagara,2009,Nakshyatra
80,बिहानी किरण सङ्गै सम्झनाले मुटु भरी आस जागी दिन्छ नयाँ उत्साह नयाँ उमंग ले सुन्दर सपना सिर्जिदिन्छ हावाले छोइदिदा मेरो मन वर्षातले चुमिदिदा यो तन तिम्रै सम्झनाले बोलाउछ तिम्रै मायाले मलाई डोर्याउछ बिहानी किरण सङ्गै सम्झनाले मुटु भरी आस जागी दिन्छ एक्लै बस्दा सुन्यतामा बतासले जिस्काउछ कल्पनामा आफैं डुबिदिदा नदिनाला सुसाइदिन्छ बतासको जिस्काइमा नदिनालाको सुसाइमा तिम्रो छाया देख्छु मनभरी तिम्रै माया पाउछु झलझली बिहानी किरण सङ्गै सम्झनाले मुटु भरी आस जागी दिन्छ,Nabin K Bhattarai,Bihani Kiran,2005,Samarpan
81,अतीतको तिम्रो यादले झस्काइरहन्छ यो मन बिर्सन प्रयास गर्छु म सम्झना आउँछ किन झन फर्केन तिम्रो मन बढायो दुरि झन फर्केन तिम्रो मन बढायो दुरि झन नराम्रो केहि गरेकी मैले नमिठाे केहि बाेलेकि फर्केन तिम्रो मन पीडाहरु लुकाइ मुटुको माझ सम्झिरहन्छु तिमिलाई हर साझ बर्सन्छ्न आखाबाट अासुकाे भेल कठिन हुनेभाे विना हाम्रो मेल सक्दिन टाढिन रुन्छु म छिन छिन सक्दिन टाढिन रुन्छु म छिन छिन नराम्रो केहि गरेकी मैले नमिठाे केहि बाेलेकि फर्केन तिम्रो मन।,Nabin K Bhattarai,Tmro Mayale,2005,Samjhana
82,ल हेऽऽऽऽऽऽऽऽ तालको पानी माछीले खानी पिरीम सित जाने कि नजाने तालको पानी माछीले खानी पिरीम सित जाने कि नजाने तालको पानी माछीले खानी पिरीम सित जाने कि नजाने तालको पानी माछीले खानी पिरीम सित जाने कि नजाने हुर्रर्रर्रर्रर्रर्र अइया अइया अइया अइया हाँगो नाच्ने वन चरी त आकाशैको बाजा जुगौं भयो पिरीम भाको बल्ल भेटे आज सुनको औंठी सिलामुन्द्री साथ लिइ आम्ला बात् त लागे नेपाल जाम्ला रृण परे तिरम्ला हे ऽऽ तालको पानी माछीले खानी पिरीम सित जाने कि नजाने तालको पानी माछीले खानी पिरीम सित जाने कि नजाने हे ऽऽऽऽऽऽऽऽऽऽ स्बास्स हुर्रर्रर्रर्र अइया सत्य जुगको ढुंगे चकमक कलीजुगको सलाई रातको निंद दिनको सुर्ता साध्य छैन मलाई फूलपाती देउरालीलाई भाकल गरी आएँ ज्यानको माया पाउँ भनी कसम मैले खाएँ हे ऽऽऽऽ तालको पानी माछीले खानी पिरीम सित जाने कि नजाने तालको पानी माछीले खानी पिरीम सित जाने कि नजाने तालको पानी माछीले खानी पिरीम सित जाने कि नजाने तालको पानी माछीले खानी पिरीम सित जाने कि नजाने ल है ऽऽऽऽऽऽऽऽऽ स्बास्स स्याबास्स स्याबास्स हे ऽऽऽऽऽऽऽऽऽऽऽ हुर्रर्रर्रर्रर्रर्र ल है ऽऽऽऽऽऽऽऽऽ स्बास्स उठ्यो बस्यो उठ्यो उठ्यो बस्यो उठ्यो उठ्यो बस्यो उठ्यो बस्यो उठ्यो बस्यो उठ्यो बस्यो,नेपथ्य,Taal ko Paani,2003,Nepathya
83,घाम डूब्यो साँझ पर्यो अब छुट्टिने पनि बेला भो आजको दिन पनि बित्यो यो रात काट्ला नकाट्ला भोली आउला या नआउला फेरी भेट होला नहोला यो छोटो गीत तिमीलाई फेरी नभेटेसम्मलाई यदि फेरी भेटै नभए साँची राख्नु सम्झनलाई,नेपथ्य,Choto Geet,2003,Nepathya
84,सुन हे गाँउले हो सुन सुन पराई घरको कथा होईन यो घर भित्रकै ब्यथा हाम्रै हो सुन हे हिमालको काखमा सुख शान्ती थियो मर्यादाको मियो सल्केर बल्यो सुनसान रातमा दनदनी आगो मृत्युको लहर फैलिए जस्तो गाँउ-बस्ती मा डर भो (समयको झेल्ली खेलैले देश दुख्यो गाँउ-ठाँउमा) २ कोशीस गर्ने दाजै दिदै हो देश दुख्यो गाँउ-ठाँउमा अईया... लछारिनु-पर्ने पछारिनु-पर्ने बिनाकारण सधै छोपी खानु पर्ने नखाको बिख लागी नै रहने हर पल हर साँझ मरिरहनु पर्ने कुन दैबको स्राप लाज्ञो अचम्मै भो हाम्रो घरैमा सिस्नो उम्र्यो दैलो-दैलो मा सिमानामा टक्क अडेर छाती भरी देश बोकेर सिमानामा टक्क अडेर छाती भरी देश बोकेर रोए है पैतला देखी हत्केला सम्म निधारको छाला फुटुन्जेलसम्म चर्केर छाती उर्लियो ब्यथा चुपचाप जंघार तर्निमा बेला भक्कनो छाडी रुदै (मुंग्लान पसे हाम्रै दाजु भाइ पुर्वै जाने रेलै चढेर) २ मन बचनमा प्रीती साँचेर बैर भाव साँच्चै त्यागेर सोचे है नभए देश कहाँ पाउँछ स्वर्ग त्यो बिधी कुरा मन मै गुन शान्ती भन्दा पर छैन अर्को बुद्ध प्रेमले बेरे बैरी ले छुन्न यसयमयसलिरिक्स-डट-कम लौ बेलैमा होस पुर्याउ (सुन्दर शान्त देश रचेर पुर्खैको आशिस सम्झेर) २ सुन हे गाँउले हो सुन सुन पराई घरको कथा होईन यो घर भित्रकै ब्यथा हाम्रै हो सुन हे हिमालको काखमा सुख शान्ती थियो मर्यादाको मियो सल्केर बल्यो सुनसान रातमा दनदनी आगो मृत्युको लहर फैलिए जस्तो गाँउ-बस्ती मा डर भो (समयको झेल्ली खेलैले देश दुख्यो गाँउ-ठाँउमा) २ कोशीस गर्ने दाजै दिदै हो देश दुख्यो गाँउ-ठाँउमा अईया... लछारिनु-पर्ने पछारिनु-पर्ने बिनाकारण सधै छोपी खानु पर्ने नखाको बिख लागी नै रहने हर पल हर साँझ मरिरहनु पर्ने कुन दैबको स्राप लाज्ञो अचम्मै भो हाम्रो घरैमा सिस्नो उम्र्यो दैलो-दैलो मा सिमानामा टक्क अडेर छाती भरी देश बोकेर सिमानामा टक्क अडेर छाती भरी देश बोकेर रोए है पैतला देखी हत्केला सम्म निधारको छाला फुटुन्जेलसम्म चर्केर छाती उर्लियो ब्यथा चुपचाप जंघार तर्निमा बेला भक्कनो छाडी रुदै (मुंग्लान पसे हाम्रै दाजु भाइ पुर्वै जाने रेलै चढेर) २ मन बचनमा प्रीती साँचेर बैर भाव साँच्चै त्यागेर सोचे है नभए देश कहाँ पाउँछ स्वर्ग त्यो बिधी कुरा मन मै गुन शान्ती भन्दा पर छैन अर्को बुद्ध प्रेमले बेरे बैरी ले छुन्न यसयमयसलिरिक्स-डट-कम लौ बेलैमा होस पुर्याउ (सुन्दर शान्त देश रचेर पुर्खैको आशिस सम्झेर) २,नेपथ्य,Simanama,2003,Nepathya
85,"सम्साँझैमा काग कराईरह्यो खै केको खबर ल्याउने हो सम्साँझैमा काग कराईरह्यो खै केको खबर ल्याउने हो मुर्छना, मरेको गित सुन्दा सन्दै म थाकि सकेँ लौ के के यहाँ हुने हो सम्साँझैमा काग कराईरह्यो खै केको खबर ल्याउने हो समयको क्रुर छाया यहाँ हिमालमा परेजस्तो छ दुनैको रगतमा त रोल्पाको घाउमा सिरानीमा फुलै सिउरी निदाउन म सक्दिन आदर्शको कुरा म केही पनि बुझ्दिन छातछुल्ल पोखिएर दुख पिडा अंगाल्दै आउ सँगै बसेर एकअर्कालाई बुझौ यो रात छिचोल्ने एक मघुर गित गाउँ सम्साँझैमा काग कराईरह्यो खै केको खबर ल्याउने हो नियतिका खेलहरु मै माथि झरेजस्तो छ के भो यो जगतमा लौ बेला यो फगतमा नियतिका खेलहरु मै माथि झरेजस्तो छ के भो यो जगतमा लौ बेला यो फगतमा सिरानीमा सुसेलेर सुस्ताउन म पाउदिन संघर्षका कुरा म भेउ नै पाउदिन जताजतै अल्झिएका विपना संगाल्दै आउ संगै मिलेर नयाँ संसार बुनौ यो विराम छोडौँ अमर हुने पि्रत लाउँ सम्साँझैमा काग कराईरह्यो खै केको खबर ल्याउने हो सम्साँझैमा काग कराईरह्यो खै केको खबर ल्याउने हो",नेपथ्य,Samsajhayima,2003,Nepathya
86,टाढा धेरै टाढा उडेका रंगीन चरा धर्तिमा कहिले फिर्लान् आकाशको कालो मैलो हटि घाम जुन कहिले खुल्लान् टाढा धेरै टाढा उडेका रंगीन चरा धर्तिमा कहिले फिर्लान् संघारमा कमजोर आमाको छाया हुरी चलेको आवेगमा संघारमा कमजोर आमाको छाया हुरी चलेको आवेगमा यस्तो लाग्छ यो घरसंसार जलिरहेछ संवेगमा आज हामी माझ बल्झेका पिर सारा विलाई कहिले झर्लान् ओठमा चन्द्र सुर्य चम्के सरी मुस्कान कहिले भर्लान् मुस्कान कहिले भर्लान् यात्रामा बाटो पहिल्याउँदै यात्रि एकदिन पुग्छन् मुलबाटोमा यात्रामा बाटो पहिल्याउँदै यात्रि एकदिन पुग्छन् मुलबाटोमा घरलाई पिर्ने बाधा अड्चन मन्छाई दिउँला दोबाटोमा गाढा धेरै गाढा युगौँको भाइचारा तोडेर तोडिन्न एकदम पहाडमा मधेश धुन अनेक नाचौँ न मिलेर छमछम नाचौँ न मिलेर छमछम नाचौँ न मिलेर छमछम नाचौँ न मिलेर छमछम नाचौँ न मिलेर छमछम नाचौँ न मिलेर छमछम नाचौँ न मिलेर छमछम,नेपथ्य,Rangin Chara,2003,Nepathya
87,आमा हुन आमा हुन सह्रै असजिलो छ पहाड जस्तो उचाईमा पुगेर मैदान भईदिनु पर्ने मैदानमा पुगेर उकालो भईदिनु पर्ने हो... उकालो भईदिनु पर्ने आमा हुन... सन्तानहरु कहाँ पुग्छन् खोलाहरु जस्तो-२ सपनाहरु कहाँ पुग्छन् स्वच्छन्द चराहरु जस्तो आमाहरु पहाड छेउको चौतारी हुन अभिशप्त छन् -२ आमा हुन अफ्ठ्यारो छ आमा हुन... पहाड हुन जस्तै गह्रो छ आमा हुन... आमा हुन सह्रै असजिलो छ पहाड जस्तो उचाईमा पुगेर मैदान भ ईदिनु पर्ने मैदानमा पुगेर उकालो भईदिनु पर्ने हो उकालो भईदिनु पर्ने आमा हुन आमा हो...,नेपथ्य,Ghatana,2005,Ghatana
88,माथि उच्च आकाश उड्दा सिमलको भुवा झै उड्यो मेरो मन माथि उच्च आकाश उड्दा सिमलको भुवा झै उड्यो मेरो मन सात समुन्द्र तरेर आउदा साथि मैले भेट्न सकिन घरको कुरा भन्नै मैले पाइन घरको कुरा भन्नै मैले पाइन भित्रि कुरा खै कुन्नी के थियो झिलिमिलि इर्ष्या जाग्दै आयो धर्ति उहि हो आकाश पनि उहि हो के विघ्न प्रगति हो यो आँखै सिम पलायो हुने भए एकादेशको कथा टिपिलान्थे मेरो देशमा जहाँ हिमाल हाँसेको छ गुँरास फुल्ने पाखा छ रोधि बस्ने गाँउ छ माया साट्ने मन छ घरबाट आको म त खै के कुरा गरू सुन्ने कोहि भए सञ्चार भन्थे हा हा हा हा हा हा हा हा हा हा हा हा हा हा आमा बाबाले सम्चार सँगै आशिष पठा'छन् प्रियसीले बिछोडको पीडा पठा'छिन् जन्मभुमिले तिम्रो अभाव पठा'छन् जन्मभुमिले तिम्रो अभाव पठा'छन् दिन दशा बिग्रेको बेला धेरै कुरा बिग्रेका छन् हा हा हा हा हा भाइ भाइ लडेर विरता मरेको बेला गाँउ शहरमा मन डढेको कुरा पोखु भन्थे सुन्दिने कोहि भए त हो सात समुन्द्र तरेर आउदा साथि मैले भेट्न सकिन घरको कुरा भन्नै मैले पाइन घरको कुरा सुन्ने कोहि पाइन घरको कुरा भन्नै मैले पाइन घरको कुरा सुन्ने कोहि पाइन,नेपथ्य,Ghar ko kura,2005,Ghatana
89,(जून झै शितलु... घाम झै पारिलो...)२ जहाँ जाउँ तिमी दाहिने चन्द्रमा परोस् शान्ति... (दुबो जस्तै फैलिदैं जाउ पाति जस्तै मल्किदैं जाउ)२ (बर-पिपल झैं मेरो देउरालीमा छाउन आउ)२ दिन छदैं बादलुले हिमाललाई छेके के भो (आखिर भोली उजेली त हुनु छदैं छ)२ मन बाझ्ने कुराहरु आपसमा धेरै होलान् आफ्नै सम्झि बिर्सि दिनु चुपचाप (आवाज छन्)६ (मिर्मिरेमा निस्के जस्तै दिन भरी कर्म गर्दै साँझ घर फिर्न पाउँ)२ (तिमी हामी मरेर गए नि)२ यो देश सधैं रहि रहोस्,नेपथ्य,जून झै,2005,Ghatana
90,,नेपथ्य,,2008,Resham
91,"(आमा हुन)× 2 सार्है असजिलो छ पाहाड जस्तो उचाइमा
 पुगेर मैदान भैदिनु पर्ने मैदानमा पुगेर उकालो भैदिनु पर्ने होओओओओ .
उकालो भैदिनु पर्ने आमा हुन हे.ए. (सन्तानहरु कहाँ पुग्छन खोलाहरु जस्तो
)×२ सपनाहरु कहाँ पुग्छन स्वछन्द जराहरु जस्तो
 आमाहरु पहाड छेउको चौतारीहुन
 अभिसक्त छन आमा हुन अप्ठ्यारो छ आमा हुन पहाड हुन जस्तै गार्हो छ
 Promoting Nepali Music आमा हुन हे .ए।।।हो",,Ama,2010,mero Desh
92,(टाढा धेरै टाढा उडेका रंगीन चरा धर्तिमा कहिले फिर्लान् आकाशको कालो मैलो हटि घाम जुन कहिले खुल्लान्) 2 घाम जुन कहिले खुल्लान् (संघारमा कमजोर आमाको छाया हुरी चलेको आवेगमा) 2 यस्तो लाग्छ यो घरसंसार जलिरहेछ संवेगमा आज हामी माझ बल्झेका पिर सारा विलाई कहिले झर्लान् ओठमा चन्द्र सुर्य चम्के सरी (मुस्कान कहिले भर्लान्) 2 (यात्रामा बाटो पहिल्याउँदै यात्रि एकदिन पुग्छन् मुलबाटोमा) 2 घरलाई पिर्ने बाधा अड्चन मन्छाई दिउँला दोबाटोमा गाढा धेरै गाढा युगौँको भाइचारा तोडेर तोडिन्न एकदम पहाडमा मधेश धुन अनेक (नाचौँ न मिलेर छमछम नाचौँ न मिलेर छमछम) 4,,Rangeen Chara,,
93,"(मेरो हजुर यो माया तिमिलाइ नै भो सम्हाली राख जोगाएर राख२) २ मेरो हजुर यो माया तिमिलाइ नै भो (सुनसान रात कहाँ हो कता तारा गन्दै तिमिलाइ खोजी बसे) २ बाहिर हिमाल हासी रहेको थियो जुन लजाउदै थियो तेति नै बेला सिरानी पल्टाएथे हजुरलाइ सम्झेर, (मै जसरी बिउझेउ कि तिमी पनि) २ (मेरो हजुर म त पागल प्रेमी, बेहोसी हु) २ (सम्हाल मलाइ, नत्र म बौलाउने छु)२ Promoting Nepali Music",,Mero Desh,,
94,रातो र चन्द्र सुर्य जङ्गी निशान हाम्रो जिउंदो रगत सरी यो वल्दो यो शान हाम्रो रातो र चन्द्र सुर्य हिमाल झै अटल यो झुकेन यो कहिल्यै लत्रेन यो कहिले जङ्गी निशान हाम्रो यो जन्मदै जगतमा कयौ प्रहार आए साम्राज्य दुई हारे हारेन यो शान हाम्रो रातो र चन्द्र सुर्य जङ्गी निशान हाम्रो जिउंदो रगत श्री यो वल्दो यो शान हाम्रो रातो र चन्द्र सुर्य जब सम्म चन्द्र र सुर्य आकाशमा रहन्छन तब सम्म हुन्छ आफ्नै रातो रगत यो हाम्रो गाई सारी छन साधु जो जो यहाँ जगतमा सबको शरण बलियो जङ्गी निशान हाम्रो रातो र चन्द्र सुर्य जङ्गी निशान हाम्रो जिउंदो रगत सरी यो वल्दो यो शान हाम्रो रातो र चन्द्र सुर्य,,Rato ra chandra surya,,
95,अग्लिने सुरमा हिमाल गहिरिने तालमा नदी अग्लिने सुरमा हिमाल गहिरिने तालमा नदी जन्मै देखिको लडाइँ यो खै कहिले सकिने हो कहिले सकिने हो अग्लिने सुरमा हिमाल गहिरिने तालमा नदी पर्वतहरु फोरी भित्र दुखेको दुखै पर्वतहरु फोरी भित्र दुखेको दुखै हिम पहिरो छलेको छलै छाँगो छाँगै छ-छल्क्यो पानी नदी गहिरो बग्यो कता-कता थाहा छैन छुट्ने कहाँ एउटा जुनी धुँदा पनि सेतै रहन्छ हिमाल निलै निलो आकाश निलै निलो आकाश निलै निलो आकाश,,अग्लिने सुर,2016,Aina Jhyal
96,मेरो हजुर यो माया तिमीलाई नै हो मेरो हजुर यो माया तिमीलाई नै हो सम्हाली राख जोगाएर राख सम्हाली राख जोगाएर राख मेरो हजुर यो माया तिमीलाई नै हो सुनसान रात कहाँ हो कता तारा गन्दै तिमीलाई खोजी बसेँ सुनसान रात कहाँ हो कता तारा गन्दै तिमीलाई खोजी बसेँ बाहिर हिमाल हाँसिरहेथ्यो जून लजाउँदै थियो त्यति नै बेला सिरानी पल्टाएथेँ हजुरलाई सम्झेर मै जसरी बिउँझ्यौ कि तिमी पनि मै जसरी बिउँझ्यौ कि तिमी पनि मेरो हजुर म त पागल प्रेमी बेहोसी हुँ मेरो हजुर म त पागल प्रेमी बेहोसी हुँ सम्हाल मलाई नत्र म बौलाउने छु सम्हाल मलाई नत्र म बौलाउने छु,,Mero Hajur,,
97,मै मरि जाउँला जीवन छोटो छ मै मरि जाउँला जीवन छोटो छ हो लेखेको सम्झना चेथेर नफाल सिरानमा फोटो छ सिरानमा फोटो छ मै मरि जाउँला जीवन छोटो छ मै मरि जाउँला जीवन छोटो छ हो लेखेको सम्झना चेथेर नफाल सिरानमा फोटो छ सिरानमा फोटो छ सेतो कागतमा मनको रङ्गले फूलबुट्टा भरि पठाछु जतन गरी बाचेर मनले जवाफ लेखी पठाउनु हो जवाफ लेखी पठाउनु मै मरि जाउँला जीवन छोटो छ मै मरि जाउँला जीवन छोटो छ हो लेखेको सम्झना चेथेर नफाल सिरानमा फोटो छ सिरानमा फोटो छ आकाशै ज्यानको त्यो खुर्पी जून तुम्बाको लोँदुली छेकनी भेटघाट सपनी जस्तो यो मन के गरी बुझाउनी हो यो मन के गरी बुझाउनी मै मरि जाउँला जीवन छोटो छ मै मरि जाउँला जीवन छोटो छ हो लेखेको सम्झना चेथेर नफाल सिरानमा फोटो छ सिरानमा फोटो छ सिरानमा फोटो छ सिरानमा फोटो छ सिरानमा फोटो छ सिरानमा फोटो छ,,Siran ma photo cha,,
98,पल्ला घरका वोइका चाँदिका कंगना पल्ला घरका वोइका चाँदिका कंगना पल्ला घरका वोइका चाँदिका कंगना पल्ला घरका वोइका चाँदिका कंगना हिमले ल्याउँछ हिमको खात नदीले बगर बन डढेको सबले देख्छ मन डढेको कस्ले हिमले ल्याउँछ हिमको खात नदीले बगर बन डढेको सबले देख्छ मन डढेको कस्ले शितैमा त फुलको हाँगो नओईलाउँदो रैछ शितैमा त फुलको हाँगो नओईलाउँदो रैछ त्यही खेर के पर्यो मलाई आफ्नो भन्ने को छ र पल्ला घरका वोइका चाँदिका कंगना पल्ला घरका वोइका चाँदिका कंगना पल्ला घरका वोइका चाँदिका कंगना पल्ला घरका वोइका चाँदिका कंगना बुढी भए बौसी भन्छन गरीब भए चोर दुनियाको चाल-चलन भनी साध्य छ र बुढी भए बौसी भन्छन गरीब भए चोर दुनियाको चाल-चलन भनी साध्य छ र खान भए सबैजना आउँछन अघी पछी खान भए सबैजना आउँछन अघी पछी आखिरमा कोही हुन्न नि है आफ्नै काल-गती पल्ला घरका वोइका चाँदिका कंगना पल्ला घरका वोइका चाँदिका कंगना पल्ला घरका वोइका चाँदिका कंगना पल्ला घरका वोइका चाँदिका कंगना,,Palla ghar ko,,
99,तिमी पनि नेपाली म पनि नेपाली तिमी पनि नेपाली म पनि नेपाली हामी नेपाली हामी नेपाली हामी नेपाली हामी नेपाली तिमी पनि नेपाली म पनि नेपाली तिमी पनि नेपाली म पनि नेपाली हामी नेपाली हामी नेपाली हामी नेपाली हामी नेपाली विगतबाट सिक्ने हो बोकी हिँड्ने हैन हैन हैन हैन विगतबाट सिक्ने हो बोकी हिँड्ने हैन अल्झी बसे एकै ठाउँ शिखर देखिँदैन उहिलेको पीडा भुल्न सकौँ मनको मैलो धुन सकौँ धुन सकौँ धुन सकौँ हे . अनि पो नेपाली हामी नेपाली हामी नेपाली हामी नेपाली तिमी पनि नेपाली म पनि नेपाली तिमी पनि नेपाली म पनि नेपाली हामी नेपाली हामी नेपाली हामी नेपाली हामी नेपाली हिमाल पहाड तराईमा सीमा कतै छैन छैन छैन छैन हिमाल पहाड तराईमा सीमा कतै छैन मनको सीमा गहिरिए कहिले मेटीँदैन माफी हामी गर्न सकौँ सदभाव छर्न सकौँ छर्न सकौँ छर्न सकौँ हे... अनि पो नेपाली हामी नेपाली हामी नेपाली हामी नेपाली तिमी पनि नेपाली म पनि नेपाली तिमी पनि नेपाली म पनि नेपाली हामी नेपाली हामी नेपाली हामी नेपाली हामी नेपाली हामी नेपाली हामी नेपाली हामी नेपाली हामी नेपाली,,Himali Nepali,2017,Hami Nepali
100,,,,,
101,"आगनै भरी हिउँ नै झरे आरु फूल है टिपी राखे है लेकैमा भरी बैसमा फूले मायाको मुस्कानमा सम्झिदेउ, सुम्पिदेउ यो जोवन हामीलाई खोला नाला सुसाई दिन्छन तिम्रै सरगमहरुमा (x2) चाँदनी रातमा पर्खि बसे है यो जीवन मै आउँला बादलु भै त्यो रमाइलो गाँवैमा (x2) मेरा यी रातहरु यादमा बितिरहेछ भावनामा हाम्रो प्रेमलाई सजाइ राखे है यो जीवन मै आउँला बादलु भै यो रमाइलो गाँवैमा (x2)",नेपथ्य,आगनै भरी,,नेपथ्य
102,हा... अभावै भयो तिमीबिना यो जीवन अभाव अभावै भयो तिमीबिना यो जीवन मनको ब्यथा कसलाई पोखुँ कहाँ जाउँ कसलाई सुनाउँ मेरो यो कहानी... हे...हा... रात भर जागि रहें सम्झदैं ति दिनहरु कल्पनामा डुबि रहँदा थाहै नपाई निदाँएछु मिर्मिरेमै बिउँझिएछु तिम्रो नाम लिएर... हे...हा...,नेपथ्य,अभाव अभावै भयो,,नेपथ्य
103,बिन्ति छ मेरो ए मेरी मायालु एउटा चिट्ठी कोरी पठाईदेउ तिम्रा ह्रिदयका सारा भावनाहरु त्यहि चिट्ठीमै कोरी पठाईदेउ जीवनमा पहिलो नजर केबल तिमीलाई हेरें मनको यो खाली ठाउँमा तिम्रै तस्बिर कोरें... चौतारीको डिलमा बसी ए मेरी मायालु धेरै धेरै चिट्ठी तिमीलाई कोरें तिम्रा ह्रिदयका सारा भावनाहरु त्यहि चिट्ठीमै कोरी पठाईदेउ कोरी पठाईदेउ...,नेपथ्य,बिन्ति छ मेरो,,नेपथ्य
104,ए लजाउने मायाको चुल्बुले तिम्रो मुहार कस्तिमा राम्री छौ कस्तिमा राम्री छौ हरियाली चियाबारीमा देख्दा तिमीलाई लाजमानी हाँसी हाँसी लुकी लुकी चियाई रहें तिमीलाई भनि मैले माया साँची रखे अब तिमीलाई मैले जीवन सुम्पी सके ए लजाउने मायाको चुल्बुले तिम्रो मुहार कस्तिमा राम्री छौ कस्तिमा राम्री छौ,नेपथ्य,ए लजाउने,,हिमाचल चुचुरे
105,गण्डकीको तिरैमा लुकिछिपि खेलेको फेवा तालै डुंगामा बाराही मन्दिर घुमेको बिर्सि नदेउ बिर्सि नदेउ बिर्सि नदेउ बिर्सि नदेउ मुटु मेरो छिया पारेर नजाउ छाडी नौ डाँडा काटेर जीवन मेरो उदास छ है तिमीलाई सम्झेर गण्डकीको तिरैमा लुकिछिपि खेलेको फेवा तालै डुंगामा बाराही मन्दिर घुमेको बिर्सि नदेउ बिर्सि नदेउ बिर्सि नदेउ बिर्सि नदेउ हाँसो रोदन सबै लिएर पर्खी बस्छु तिमीलाई सम्झेर हाँसोमा नउडाइ देउ है पराइ सम्झेर गण्डकीको तिरैमा लुकिछिपि खेलेको फेवा तालै डुंगामा बाराही मन्दिर घुमेको बिर्सि नदेउ बिर्सि नदेउ बिर्सि नदेउ बिर्सि नदेउ,नेपथ्य,गण्डकीको तिरैमा),,मिन्पचस
106,जून झै शितलु... घाम झै पारिलो... जहाँ जाउँ तिमी दाहिने चन्द्रमा परोस् शान्ति... दुबो जस्तै फैलिदैं जाउ पाति जस्तै मल्किदैं जाउ बर-पिपल झैं मेरो देउरालीमा छाउन आउ दिन छदैं बादलुले हिमाललाई छेके के भो आखिर भोली उजेली त हुनु छदैं छ मन बाझ्ने कुराहरु आपसमा धेरै होलान् आफ्नै सम्झि बिर्सि दिनु चुपचाप आवाज छन् मिर्मिरेमा निस्के जस्तै दिन भरी कर्म गर्दै साँझ घर फिर्न पाउँ तिमी हामी मरेर गए नि यो देश सधैं रहि रहोस्,नेपथ्य,न झै शितलु,,
107,लेकाली हेहे चोयाको डोको सानु माया हेहे लगाउने धोको नपुग्दै मर्छु पो क्यारे हे भन सोल्टी बरोबर नढाटी बग्यो खोला बेसी घर सम्मै तिम्रो माया कलेजिमा टम्मै आँखै मा गाजलु लपक्कै भन माया लाईदिउँ की छपक्कै बैसैमा बैसैमा मर्छु पो क्यारे रातो चोलो पाखुरीमा टिमीक्कौ बस्यो माया अाखैमा झिमिक्कै के गर्नु कर्कलो बारि पर्ख तिमिलाई रोइरहनै नपारि बैसैमा बैसैमा मर्छु पो क्यारे,नेपथ्य,लेकाली,,
108,टाढा धेरै टाढा उडेका रंगीन चरा धर्तिमा कहिले फिर्लान् आकाशको कालो मैलो हटि घाम जुन कहिले खुल्लान् घाम जुन कहिले खुल्लान् संघारमा कमजोर आमाको छाया हुरी चलेको आवेगमा यस्तो लाग्छ यो घरसंसार जलिरहेछ संवेगमा आज हामी माझ बल्झेका पिर सारा विलाई कहिले झर्लान् ओठमा चन्द्र सुर्य चम्के सरी मुस्कान कहिले भर्लान् यात्रामा बाटो पहिल्याउँदै यात्रि एकदिन पुग्छन् मुलबाटोमा घरलाई पिर्ने बाधा अड्चन मन्छाई दिउँला दोबाटोमा गाढा धेरै गाढा युगौँको भाइचारा तोडेर तोडिन्न एकदम पहाडमा मधेश धुन अनेक नाचौँ न मिलेर छमछम नाचौँ न मिलेर छमछम,नेपथ्य,टाढा धेरै टाढा,,
109,,,,,
110,,,,,
111,,,,,
112,,,,,
113,,,,,
114,,,,,
115,,,,,
116,,,,,
117,,,,,
118,,,,,
119,,,,,
120,,,,,
121,,,,,
122,,,,,
123,,,,,
